Player,Tm,PTS,+/-,PIM,EVG,PPG,SHG,EVA,PPA,SHA,S,S%
Nicholas Abruzzese,TOR,1,-1,2,1,0,0,0,0,0,8,12.5
Noel Acciari,FLA,8,2,11,3,0,0,5,0,0,32,9.4
Calen Addison,MIN,4,-4,2,2,0,0,2,0,0,17,11.8
Andrew Agozzino,OTT,0,0,0,0,0,0,0,0,0,1,0
Jack Ahcan,BOS,1,-3,0,0,1,0,0,0,0,5,20
Sebastian Aho,CAR,81,18,38,23,13,1,27,15,2,221,16.7
Sebastian Aho,NYI,12,-6,10,2,0,0,8,2,0,34,5.9
Alexander Alexeyev,WSH,0,0,2,0,0,0,0,0,0,0,
Wade Allison,PHI,0,-1,0,0,0,0,0,0,0,2,0
Michael Amadio,TOT,18,1,15,11,0,0,7,0,0,64,17.2
Michael Amadio,VEG,18,0,15,11,0,0,7,0,0,62,17.7
Michael Amadio,TOR,0,1,0,0,0,0,0,0,0,2,0
Joey Anderson,TOR,0,0,0,0,0,0,0,0,0,10,0
Josh Anderson,MTL,32,-25,65,17,2,0,12,1,0,151,12.6
Michael Anderson,LAK,8,6,8,2,0,0,6,0,0,58,3.4
Jaret Anderson-Dolan,LAK,0,-3,4,0,0,0,0,0,0,5,0
Lias Andersson,LAK,2,-7,12,1,0,0,0,1,0,29,3.4
Rasmus Andersson,CGY,50,30,28,2,2,0,28,17,1,152,2.6
Andy Andreoff,NYI,1,-1,0,1,0,0,0,0,0,6,16.7
Anthony Angello,PIT,0,0,2,0,0,0,0,0,0,2,0
Mason Appleton,TOT,21,-1,30,8,0,0,13,0,0,98,8.2
Mason Appleton,SEA,17,-4,14,6,0,0,11,0,0,68,8.8
Mason Appleton,WPG,4,3,16,2,0,0,2,0,0,30,6.7
Josh Archibald,EDM,1,-2,7,0,0,0,1,0,0,4,0
Joel Armia,MTL,14,-15,14,4,1,1,6,2,0,103,5.8
Viktor Arvidsson,LAK,49,1,22,16,4,0,25,4,0,227,8.8
Rasmus Asplund,BUF,27,-5,10,5,2,1,17,2,0,130,6.2
Zach Aston-Reese,TOT,15,9,28,5,0,0,10,0,0,78,6.4
Zach Aston-Reese,PIT,11,8,22,2,0,0,9,0,0,52,3.8
Zach Aston-Reese,ANA,4,1,6,3,0,0,1,0,0,26,11.5
Andreas Athanasiou,LAK,17,7,4,11,0,0,5,1,0,71,15.5
Cam Atkinson,PHI,50,-2,10,18,2,3,24,3,0,215,10.7
Ronald Attard,PHI,4,-2,8,2,0,0,2,0,0,16,12.5
Nicolas Aube-Kubel,TOT,23,11,47,11,0,0,12,0,0,87,12.6
Nicolas Aube-Kubel,COL,22,14,41,11,0,0,11,0,0,78,14.1
Nicolas Aube-Kubel,PHI,1,-3,6,0,0,0,1,0,0,9,0
Mikael Backlund,CGY,39,16,30,12,0,0,20,7,0,214,5.6
Nicklas Backstrom,WSH,31,-8,12,5,1,0,12,13,0,68,8.8
Brandon Baddock,MTL,0,0,0,0,0,0,0,0,0,0,
Sven Baertschi,VEG,0,-1,0,0,0,0,0,0,0,1,0
Kevin Bahl,NJD,4,-6,10,1,0,0,3,0,0,16,6.3
Josh Bailey,NYI,44,-7,6,12,2,0,21,9,0,87,16.1
Justin Bailey,VAN,0,-5,6,0,0,0,0,0,0,16,0
Rudolfs Balcers,SJS,23,-3,20,11,0,0,11,0,1,98,11.2
Alexander Barabanov,SJS,39,-5,14,8,2,0,23,6,0,103,9.7
Ivan Barbashev,STL,60,4,40,21,4,1,28,5,1,111,23.4
Riley Barber,DET,0,-2,2,0,0,0,0,0,0,4,0
Aleksander Barkov,FLA,88,36,18,23,12,4,34,14,1,214,18.2
Alex Barre-Boulet,TOT,6,0,4,3,0,0,2,1,0,16,18.8
Alex Barre-Boulet,TBL,5,0,4,3,0,0,1,1,0,16,18.8
Alex Barre-Boulet,SEA,1,0,0,0,0,0,1,0,0,0,
Tyson Barrie,EDM,41,3,18,4,3,0,15,18,1,149,4.7
Justin Barron,TOT,2,-3,0,1,0,0,1,0,0,13,7.7
Justin Barron,MTL,2,-2,0,1,0,0,1,0,0,13,7.7
Justin Barron,COL,0,-1,0,0,0,0,0,0,0,0,
Morgan Barron,TOT,5,-4,8,2,0,0,3,0,0,33,6.1
Morgan Barron,WPG,4,-3,4,2,0,0,2,0,0,24,8.3
Morgan Barron,NYR,1,-1,4,0,0,0,1,0,0,9,0
Mathew Barzal,NYI,59,-15,18,14,1,0,25,19,0,161,9.3
Nathan Bastian,TOT,18,-12,65,9,3,0,5,1,0,97,12.4
Nathan Bastian,NJD,16,-11,34,8,3,0,4,1,0,87,12.6
Nathan Bastian,SEA,2,-1,31,1,0,0,1,0,0,10,10
Drake Batherson,OTT,44,4,32,14,3,0,16,11,0,110,15.5
Gavin Bayreuther,CBJ,8,0,22,0,0,0,8,0,0,44,0
Jay Beagle,ARI,2,-20,27,1,0,0,1,0,0,24,4.2
Jake Bean,CBJ,25,-5,26,7,0,0,13,4,1,90,7.8
Ethan Bear,CAR,14,1,20,5,0,0,8,1,0,97,5.2
Nicolas Beaudin,CHI,0,-1,0,0,0,0,0,0,0,1,0
Nathan Beaulieu,WPG,4,-7,25,0,0,0,3,0,1,24,0
Anthony Beauvillier,NYI,34,-10,12,7,5,0,16,6,0,154,7.8
Adam Beckman,MIN,1,-1,2,0,0,0,1,0,0,4,0
Pierre-Edouard Bellemare,TBL,20,24,19,8,0,1,11,0,0,72,12.5
Kieffer Bellows,NYI,19,-1,19,6,0,0,9,4,0,79,7.6
Alex Belzile,MTL,0,0,4,0,0,0,0,0,0,13,0
Emil Bemstrom,CBJ,11,-1,4,6,0,0,5,0,0,62,9.7
Matthew Beniers,SEA,9,-1,0,1,2,0,4,2,0,18,16.7
Jamie Benn,DAL,46,-13,88,14,3,1,20,8,0,182,9.9
Jordie Benn,MIN,8,1,10,1,0,0,7,0,0,37,2.7
Sam Bennett,FLA,49,27,74,23,5,0,16,4,1,241,11.6
Matt Benning,NSH,11,-24,39,0,0,0,11,0,0,61,0
Simon Benoit,ANA,5,-5,22,1,0,0,4,0,0,45,2.2
Tyler Benson,EDM,2,-5,18,1,0,0,1,0,0,18,5.6
Patrice Bergeron,BOS,65,26,32,17,8,0,22,15,3,293,8.5
Jacob Bernard-Docker,OTT,1,1,4,0,0,0,1,0,0,6,0
Tyler Bertuzzi,DET,62,-11,47,23,6,1,23,8,1,180,16.7
Alex Biega,TOR,0,-2,0,0,0,0,0,0,0,2,0
Brandon Biro,BUF,0,0,0,0,0,0,0,0,0,0,
Clark Bishop,OTT,1,-3,6,0,0,0,1,0,0,8,0
Anders Bjork,BUF,8,-14,10,5,0,0,3,0,0,51,9.8
Kasper Bjorkqvist,PIT,1,-1,2,1,0,0,0,0,0,8,12.5
Oliver Bjorkstrand,CBJ,57,-35,16,19,9,0,19,10,0,215,13
Tobias Bjornfot,LAK,8,-12,6,0,0,0,8,0,0,53,0
Nick Bjugstad,MIN,13,-2,20,6,1,0,6,0,0,81,8.6
Colin Blackwell,TOT,20,0,14,8,0,2,10,0,0,77,13
Colin Blackwell,SEA,17,1,4,6,0,2,9,0,0,61,13.1
Colin Blackwell,TOR,3,-1,10,2,0,0,1,0,0,16,12.5
Sammy Blais,NYR,4,3,17,0,0,0,4,0,0,17,0
Nick Blankenburg,CBJ,3,-3,4,0,1,0,2,0,0,13,7.7
Anton Blidh,BOS,9,-3,24,2,0,0,7,0,0,28,7.1
Teddy Blueger,PIT,28,12,10,8,0,1,18,0,1,93,9.7
Brock Boeser,VAN,46,-5,20,12,11,0,16,6,1,195,11.8
Zach Bogosian,TBL,8,2,53,3,0,0,5,0,0,60,5
Matt Boldy,MIN,39,17,10,12,3,0,17,7,0,113,13.3
Nick Bonino,SJS,26,-25,18,12,3,1,6,4,0,137,11.7
Adam Boqvist,CBJ,22,-11,12,8,3,0,8,3,0,64,17.2
Jesper Boqvist,NJD,23,-9,10,10,0,0,12,1,0,74,13.5
Thomas Bordeleau,SJS,5,-1,0,0,0,0,4,1,0,13,0
William Borgen,SEA,8,1,28,2,0,0,6,0,0,49,4.1
Henrik Borgstr\'f6m,CHI,7,-14,22,4,0,0,2,1,0,41,9.8
Mark Borowiecki,NSH,4,-9,151,0,0,0,4,0,0,45,0
Robert Bortuzzo,STL,6,-4,36,1,0,0,5,0,0,47,2.1
Evan Bouchard,EDM,43,10,28,10,2,0,25,5,1,205,5.9
Madison Bowey,VAN,0,-3,0,0,0,0,0,0,0,0,
Travis Boyd,ARI,35,-10,34,15,2,0,16,2,0,88,19.3
Brian Boyle,PIT,21,6,27,10,0,1,10,0,0,87,12.6
Tyler Bozak,STL,12,-11,14,2,0,1,7,1,1,46,6.5
Erik Brannstrom,OTT,14,-17,30,0,0,0,8,6,0,86,0
Derick Brassard,TOT,19,4,16,7,1,0,10,1,0,62,12.9
Derick Brassard,PHI,16,6,10,5,1,0,9,1,0,46,13
Derick Brassard,EDM,3,-2,6,2,0,0,1,0,0,16,12.5
Jesper Bratt,NJD,73,0,16,23,3,0,32,15,0,197,13.2
Justin Braun,TOT,18,2,36,6,0,0,12,0,0,73,8.2
Justin Braun,PHI,16,3,36,5,0,0,11,0,0,67,7.5
Justin Braun,NYR,2,-1,0,1,0,0,1,0,0,6,16.7
Bobby Brink,PHI,4,-5,0,0,0,0,3,1,0,18,0
Guillaume Brisebois,VAN,0,-1,0,0,0,0,0,0,0,0,
Philip Broberg,EDM,3,-8,8,1,0,0,2,0,0,29,3.4
T.J. Brodie,TOR,28,20,34,4,0,0,21,1,2,68,5.9
Jonas Brodin,MIN,30,9,18,4,1,0,18,6,1,126,4
Jonny Brodzinski,NYR,2,1,10,1,0,0,1,0,0,34,2.9
Adam Brooks,TOT,3,2,2,2,0,0,1,0,0,14,14.3
Adam Brooks,WPG,0,0,0,0,0,0,0,0,0,9,0
Adam Brooks,VEG,2,3,2,2,0,0,0,0,0,5,40
Adam Brooks,MTL,1,-1,0,0,0,0,1,0,0,0,
Connor Brown,OTT,39,-15,10,9,0,1,17,9,3,121,8.3
Dustin Brown,LAK,28,-3,20,8,1,0,17,2,0,146,6.2
Josh Brown,TOT,6,-7,37,0,0,0,6,0,0,45,0
Josh Brown,OTT,6,-9,32,0,0,0,6,0,0,43,0
Josh Brown,BOS,0,2,5,0,0,0,0,0,0,2,0
Logan Brown,STL,11,-3,8,4,0,0,6,1,0,34,11.8
Patrick Brown,PHI,9,-16,11,4,0,0,5,0,0,51,7.8
Jacob Bryson,BUF,10,-9,12,0,1,0,3,6,0,43,2.3
Pavel Buchnevich,STL,76,29,34,20,8,2,33,11,2,199,15.1
Connor Bunnaman,PHI,0,-7,4,0,0,0,0,0,0,10,0
Michael Bunting,TOR,63,27,80,21,2,0,37,3,0,175,13.1
Andre Burakovsky,COL,61,12,18,18,4,0,32,7,0,149,14.8
Brent Burns,SJS,54,-15,42,6,4,0,29,14,1,203,4.9
Kyle Burroughs,VAN,5,-3,39,1,0,0,4,0,0,39,2.6
Will Butcher,BUF,8,-10,0,2,0,0,4,2,0,35,5.7
Quinton Byfield,LAK,10,-7,20,5,0,0,4,1,0,39,12.8
Bowen Byram,COL,17,7,12,4,1,0,12,0,0,49,10.2
Paul Byron,MTL,7,-8,2,4,0,0,3,0,0,33,12.1
Drake Caggiula,BUF,5,-4,4,2,0,0,2,1,0,23,8.7
Kyle Capobianco,ARI,9,-12,38,1,1,0,6,1,0,40,5
Michael Carcone,ARI,6,-8,14,4,0,0,2,0,0,36,11.1
Brandon Carlo,BOS,15,2,31,5,0,1,8,1,0,125,4.8
John Carlson,WSH,71,13,20,10,7,0,33,18,3,195,8.7
Gabriel Carlsson,CBJ,9,6,10,2,0,0,7,0,0,18,11.1
Lucas Carlsson,FLA,9,3,10,3,0,0,6,0,0,41,7.3
Ryan Carpenter,TOT,12,-11,36,3,0,0,8,1,0,67,4.5
Ryan Carpenter,CHI,11,-10,36,3,0,0,7,1,0,61,4.9
Ryan Carpenter,CGY,1,-1,0,0,0,0,1,0,0,6,0
Sam Carrick,ANA,19,-12,85,11,0,0,8,0,0,80,13.8
Alexandre Carrier,NSH,30,26,50,2,1,0,23,3,1,95,3.2
William Carrier,VEG,20,7,34,9,0,0,11,0,0,120,7.5
Jeff Carter,PIT,45,-8,38,15,3,1,23,3,0,200,9.5
Jackson Cates,PHI,1,-2,0,1,0,0,0,0,0,8,12.5
Noah Cates,PHI,9,4,4,4,1,0,4,0,0,23,21.7
Cole Caufield,MTL,43,-24,10,18,5,0,12,8,0,188,12.2
Cody Ceci,EDM,28,8,14,5,0,0,20,0,3,102,4.9
Erik Cernak,TBL,13,7,46,1,0,0,12,0,0,86,1.2
Thomas Chabot,OTT,38,-3,26,6,1,0,19,12,0,173,4
Mitchell Chaffee,MIN,0,1,0,0,0,0,0,0,0,1,0
Zdeno Chara,NYI,14,8,85,2,0,0,12,0,0,81,2.5
Jalen Chatfield,CAR,3,1,8,0,0,0,3,0,0,25,0
Ben Chiarot,TOT,26,-14,48,7,2,0,15,1,1,143,6.3
Ben Chiarot,MTL,18,-18,42,6,1,0,9,1,1,96,7.3
Ben Chiarot,FLA,8,4,6,1,1,0,6,0,0,47,4.3
Alex Chiasson,VAN,22,4,24,7,6,0,5,4,0,98,13.3
Yegor Chinakhov,CBJ,14,-27,16,6,1,0,7,0,0,98,7.1
Declan Chisholm,WPG,0,1,0,0,0,0,0,0,0,4,0
Sasha Chmelevski,SJS,8,2,4,0,0,0,8,0,0,31,0
Dennis Cholowski,TOT,3,-3,2,0,0,0,3,0,0,11,0
Dennis Cholowski,WSH,1,-4,2,0,0,0,1,0,0,3,0
Dennis Cholowski,SEA,2,1,0,0,0,0,2,0,0,8,0
Jake Christiansen,CBJ,1,1,0,1,0,0,0,0,0,4,25
Jakob Chychrun,ARI,21,-20,47,6,1,0,14,0,0,141,5
Filip Chytil,NYR,22,-1,14,8,0,0,13,1,0,135,5.9
Anthony Cirelli,TBL,43,15,70,13,3,1,21,5,0,146,11.6
Casey Cizikas,NYI,16,-3,48,9,0,1,6,0,0,91,11
Fredrik Claesson,TBL,0,-3,0,0,0,0,0,0,0,4,0
Kale Clague,TOT,10,-10,20,2,0,0,5,3,0,26,7.7
Kale Clague,MTL,5,-8,18,2,0,0,3,0,0,20,10
Kale Clague,LAK,5,-2,2,0,0,0,2,3,0,6,0
Kyle Clifford,TOT,4,-5,31,1,0,0,3,0,0,29,3.4
Kyle Clifford,TOR,3,-4,31,1,0,0,2,0,0,24,4.2
Kyle Clifford,STL,1,-1,0,0,0,0,1,0,0,5,0
Connor Clifton,BOS,10,-2,32,2,0,0,8,0,0,80,2.5
Cal Clutterbuck,NYI,15,-6,10,5,0,1,9,0,0,74,8.1
Dylan Coghlan,VEG,13,-5,18,1,2,0,8,2,0,108,2.8
Andrew Cogliano,TOT,16,-18,20,3,0,1,11,0,1,75,5.3
Andrew Cogliano,SJS,15,-16,12,3,0,1,10,0,1,58,6.9
Andrew Cogliano,COL,1,-2,8,0,0,0,1,0,0,17,0
Ian Cole,CAR,19,15,83,2,0,0,16,0,1,77,2.6
Blake Coleman,CGY,33,16,60,15,0,1,16,0,1,212,7.5
Ross Colton,TBL,39,4,24,21,1,0,13,4,0,159,13.8
Blake Comeau,DAL,1,-1,4,1,0,0,0,0,0,2,50
J.T. Compher,COL,33,6,25,13,4,1,13,2,0,102,17.6
Max Comtois,ANA,16,-17,46,6,0,0,8,2,0,72,8.3
Kevin Connauton,TOT,3,-3,4,1,0,0,2,0,0,30,3.3
Kevin Connauton,PHI,3,-7,2,1,0,0,2,0,0,16,6.3
Kevin Connauton,FLA,0,4,2,0,0,0,0,0,0,14,0
Brett Connolly,CHI,1,-3,15,0,0,0,1,0,0,6,0
Kyle Connor,WPG,93,-3,4,36,8,3,26,20,0,317,14.8
Andrew Copp,TOT,53,15,16,16,3,2,24,7,1,183,11.5
Andrew Copp,WPG,35,2,8,9,3,1,15,6,1,151,8.6
Andrew Copp,NYR,18,13,8,7,0,1,9,1,0,32,25
Paul Cotter,VEG,2,1,6,2,0,0,0,0,0,11,18.2
Nick Cousins,NSH,22,-8,31,6,3,0,12,1,0,103,8.7
Logan Couture,SJS,56,-11,18,16,5,2,20,12,1,199,11.6
Sean Couturier,PHI,17,-6,14,4,2,0,7,3,1,79,7.6
Charlie Coyle,BOS,44,-6,32,13,3,0,21,6,1,131,12.2
Dylan Cozens,BUF,38,-19,55,11,2,0,17,7,1,160,8.1
Joseph Cramarossa,MIN,1,0,2,0,0,0,1,0,0,1,0
Kyle Criscuolo,DET,2,1,2,0,0,0,2,0,0,5,0
Sidney Crosby,PIT,84,19,32,23,8,0,31,22,0,208,14.9
Lawson Crouse,ARI,34,-9,52,16,3,1,10,4,0,131,15.3
Austin Czarnik,TOT,7,5,0,2,0,0,5,0,0,14,14.3
Austin Czarnik,NYI,5,5,0,2,0,0,3,0,0,9,22.2
Austin Czarnik,SEA,2,0,0,0,0,0,2,0,0,5,0
Kirby Dach,CHI,26,-18,43,7,2,0,12,4,1,116,7.8
Evgenii Dadonov,VEG,43,4,18,15,5,0,20,3,0,177,11.3
Jonathan Dahlen,SJS,22,-25,12,9,3,0,6,4,0,105,11.4
Rasmus Dahlin,BUF,53,-22,68,10,3,0,21,18,1,170,7.6
Carl Dahlstrom,TOR,2,2,2,0,0,0,2,0,0,4,0
Michael Dal Colle,NYI,0,1,0,0,0,0,0,0,0,2,0
Zac Dalpe,FLA,0,-1,0,0,0,0,0,0,0,0,
Riley Damiani,DAL,2,0,2,1,0,0,1,0,0,10,10
Phillip Danault,LAK,51,14,38,25,2,0,19,2,3,194,13.9
Justin Danforth,CBJ,14,-5,10,10,0,0,3,1,0,72,13.9
Laurent Dauphin,MTL,12,-10,25,4,0,0,8,0,0,50,8
Jeremy Davies,NSH,2,-5,2,0,0,0,2,0,0,5,0
Sean Day,TBL,0,-2,0,0,0,0,0,0,0,2,0
Calvin de Haan,CHI,8,-21,33,4,0,0,4,0,0,107,3.7
Chase De Leo,NJD,0,-1,0,0,0,0,0,0,0,2,0
Anthony DeAngelo,CAR,51,30,56,8,2,0,23,18,0,151,6.6
Alex DeBrincat,CHI,78,-13,19,27,14,0,23,14,0,270,15.2
Jake DeBrusk,BOS,42,6,10,22,3,0,16,1,0,184,13.6
Danny DeKeyser,DET,11,-8,26,0,0,0,11,0,0,57,0
Michael Del Zotto,OTT,13,-4,4,2,1,0,9,1,0,35,8.6
Ty Dellandrea,DAL,0,-1,0,0,0,0,0,0,0,1,0
Dylan DeMelo,WPG,13,10,28,0,0,1,11,0,1,78,1.3
Grigori Denisenko,FLA,0,0,2,0,0,0,0,0,0,3,0
Travis Dermott,TOT,7,9,14,2,0,0,5,0,0,46,4.3
Travis Dermott,TOR,5,4,14,1,0,0,4,0,0,37,2.7
Travis Dermott,VAN,2,5,0,1,0,0,1,0,0,9,11.1
Nicolas Deslauriers,TOT,13,-11,113,7,0,1,5,0,0,90,8.9
Nicolas Deslauriers,ANA,10,-9,90,4,0,1,5,0,0,72,6.9
Nicolas Deslauriers,MIN,3,-2,23,3,0,0,0,0,0,18,16.7
Connor Dewar,MIN,6,-4,25,2,0,0,3,1,0,44,4.5
Jason Dickinson,VAN,11,-1,19,5,0,0,6,0,0,66,7.6
Brenden Dillon,WPG,20,16,67,3,0,0,17,0,0,85,3.5
Cam Dineen,ARI,7,-16,4,0,0,0,7,0,0,52,0
Noah Dobson,NYI,51,-3,18,10,3,0,19,19,0,190,6.8
Max Domi,TOT,39,10,55,11,0,0,24,4,0,104,10.6
Max Domi,CBJ,32,2,37,9,0,0,19,4,0,77,11.7
Max Domi,CAR,7,8,18,2,0,0,5,0,0,27,7.4
Ryan Donato,SEA,31,-13,40,15,1,0,15,0,0,159,10.1
Joonas Donskoi,SEA,22,-10,14,2,0,0,16,3,1,89,2.2
Pavel Dorofeyev,VEG,0,-1,2,0,0,0,0,0,0,1,0
Drew Doughty,LAK,31,4,30,3,4,0,15,9,0,99,7.1
Nic Dowd,WSH,24,10,44,9,0,1,13,1,0,90,11.1
Justin Dowling,VAN,4,-3,2,2,0,0,2,0,0,17,11.8
Leon Draisaitl,EDM,110,17,40,30,24,1,38,17,0,278,19.8
Hunter Drew,ANA,0,0,5,0,0,0,0,0,0,0,
Sheldon Dries,VAN,3,-3,0,1,1,0,1,0,0,17,11.8
Jonathan Drouin,MTL,20,-9,23,6,0,0,10,4,0,62,9.7
Jack Drury,CAR,2,3,2,2,0,0,0,0,0,6,33.3
Jamie Drysdale,ANA,32,-26,16,4,0,0,16,12,0,137,2.9
Dillon Dube,CGY,32,1,20,15,2,1,11,1,2,143,12.6
Pierre-Luc Dubois,WPG,60,-6,106,13,15,0,28,4,0,233,12
Matt Duchene,NSH,86,6,38,27,16,0,30,13,0,228,18.9
Anthony Duclair,FLA,58,19,30,22,9,0,15,12,0,167,18.6
Walker Duehr,CGY,0,0,0,0,0,0,0,0,0,0,
Brandon Duhaime,MIN,17,-2,122,6,0,0,11,0,0,91,6.6
Mathew Dumba,MIN,27,9,47,6,1,0,16,4,0,116,6
Brian Dumoulin,PIT,18,24,24,3,0,0,15,0,0,91,3.3
Vince Dunn,SEA,35,-21,63,5,2,0,19,9,0,121,5.8
Sean Durzi,LAK,27,-9,55,1,2,0,10,13,1,119,2.5
Christian Dvorak,MTL,33,-19,24,10,1,0,18,4,0,87,12.6
Ryan Dzingel,TOT,8,-5,35,5,0,0,3,0,0,32,15.6
Ryan Dzingel,ARI,7,-3,35,4,0,0,3,0,0,23,17.4
Ryan Dzingel,SJS,1,-2,0,1,0,0,0,0,0,9,11.1
Cody Eakin,BUF,12,-15,22,3,1,0,6,1,1,74,5.4
Jordan Eberle,SEA,44,-28,14,17,4,0,18,5,0,164,12.8
Alexander Edler,LAK,19,18,34,3,0,0,15,0,1,54,5.6
Joel Edmundson,MTL,6,-1,35,3,0,0,3,0,0,32,9.4
Nikolaj Ehlers,WPG,55,18,20,24,4,0,22,5,0,245,11.4
Jack Eichel,VEG,25,3,10,11,3,0,6,5,0,133,10.5
Aaron Ekblad,FLA,57,38,26,12,3,0,22,17,3,180,8.3
Mattias Ekholm,NSH,31,14,44,6,0,0,20,4,1,145,4.1
William Eklund,SJS,4,-3,2,0,0,0,1,3,0,8,0
Oliver Ekman-Larsson,VAN,29,5,52,2,3,0,17,7,0,168,3
Remi Elie,TBL,0,-2,0,0,0,0,0,0,0,2,0
Lars Eller,WSH,31,-4,40,13,0,0,16,2,0,116,11.2
Ryan Ellis,PHI,5,2,0,1,0,0,2,2,0,6,16.7
Turner Elson,DET,0,-1,0,0,0,0,0,0,0,1,0
Pierre Engvall,TOR,35,13,30,12,1,2,17,2,1,154,9.7
Tyler Ennis,OTT,24,-6,16,7,1,0,13,3,0,89,9
Mackenzie Entwistle,CHI,12,-16,23,4,0,1,7,0,0,34,14.7
Loui Eriksson,ARI,19,-18,6,2,0,1,15,1,0,81,3.7
Joel Eriksson Ek,MIN,49,16,28,14,12,0,18,5,0,223,11.7
Adam Erne,DET,19,-22,34,6,0,0,13,0,0,108,5.6
Jake Evans,MTL,29,-5,22,13,0,0,15,0,1,124,10.5
Michael Eyssimont,WPG,0,0,0,0,0,0,0,0,0,1,0
Robby Fabbri,DET,30,-23,35,11,6,0,11,2,0,123,13.8
Dante Fabbro,NSH,24,13,24,3,0,0,21,0,0,88,3.4
Samuel Fagemo,LAK,0,-2,0,0,0,0,0,0,0,5,0
Radek Faksa,DAL,19,-20,52,3,1,1,13,0,1,89,5.6
Joel Farabee,PHI,34,-11,50,15,1,1,15,2,0,119,14.3
Hudson Fasching,ARI,0,-3,0,0,0,0,0,0,0,3,0
Jesper Fast,CAR,34,24,4,13,1,0,18,1,1,97,14.4
Justin Faulk,STL,47,41,43,15,1,0,25,6,0,167,9.6
Martin Fehervary,WSH,17,15,26,7,0,1,8,0,1,96,8.3
Mario Ferraro,SJS,14,-5,16,2,0,0,12,0,0,49,4.1
Kevin Fiala,MIN,85,23,52,27,5,1,40,12,0,262,12.6
Christian Fischer,ARI,10,-15,14,4,1,0,5,0,0,76,6.6
Casey Fitzgerald,BUF,6,-19,36,0,0,0,6,0,0,41,0
Trey Fix-Wolansky,CBJ,2,-1,0,1,0,0,1,0,0,5,20
Cale Fleury,SEA,0,-3,0,0,0,0,0,0,0,4,0
Haydn Fleury,SEA,4,0,13,2,0,0,2,0,0,52,3.8
Warren Foegele,EDM,26,-9,24,10,2,0,13,1,0,142,8.5
Steven Fogarty,BOS,0,-2,2,0,0,0,0,0,0,2,0
Marcus Foligno,MIN,42,25,112,18,5,0,17,2,0,98,23.5
Nick Foligno,BOS,13,-13,61,2,0,0,10,1,0,99,2
Callan Foote,TBL,9,6,29,2,0,0,7,0,0,49,4.1
Nolan Foote,NJD,4,3,0,3,0,0,1,0,0,10,30
Derek Forbort,BOS,14,2,48,4,0,0,9,0,1,64,6.3
Alex Formenton,OTT,32,-13,59,13,0,5,13,0,1,162,11.1
Filip Forsberg,NSH,84,12,22,32,10,0,25,17,0,226,18.6
Gustav Forsling,FLA,37,41,18,10,0,0,27,0,0,145,6.9
Gabriel Fortier,TBL,1,-2,4,1,0,0,0,0,0,14,7.1
Liam Foudy,CBJ,0,-1,0,0,0,0,0,0,0,1,0
Cam Fowler,ANA,42,-9,14,3,6,0,21,12,0,124,7.3
Adam Fox,NYR,74,18,26,10,0,1,29,33,1,158,7
Trent Frederic,BOS,18,10,57,8,0,0,10,0,0,100,8
Mark Friedman,PIT,5,1,23,1,0,0,4,0,0,27,3.7
Martin Frk,LAK,2,-4,2,0,2,0,0,0,0,15,13.3
Jesper Froden,BOS,1,4,2,1,0,0,0,0,0,10,10
Morgan Frost,PHI,16,-11,14,4,1,0,10,1,0,85,5.9
Kurtis Gabriel,CHI,0,0,0,0,0,0,0,0,0,0,
Jonah Gadjovich,SJS,3,-9,74,1,0,0,2,0,0,36,2.8
Sam Gagner,DET,31,-4,32,12,0,1,17,1,0,132,9.8
Alex Galchenyuk,ARI,21,-11,32,6,0,0,14,1,0,89,6.7
Brendan Gallagher,MTL,24,-7,69,2,5,0,15,2,0,142,4.9
Jakub Galvas,CHI,0,0,0,0,0,0,0,0,0,8,0
Dylan Gambrell,OTT,7,2,12,2,0,1,4,0,0,58,5.2
Rhett Gardner,DAL,0,-1,0,0,0,0,0,0,0,0,
Conor Garland,VAN,52,18,36,18,1,0,31,2,0,203,9.4
Adam Gaudette,TOT,14,-9,17,3,2,0,9,0,0,94,5.3
Adam Gaudette,OTT,12,-6,13,3,1,0,8,0,0,84,4.8
Adam Gaudette,CHI,2,-3,4,0,1,0,1,0,0,10,10
Frederick Gaudreau,MIN,44,12,8,13,1,0,26,2,2,132,10.6
Johnny Gaudreau,CGY,115,64,26,34,6,0,56,19,0,262,15.3
Brendan Gaunce,CBJ,7,2,12,5,0,0,2,0,0,44,11.4
Frederik Gauthier,NJD,0,-1,0,0,0,0,0,0,0,4,0
Julien Gauthier,NYR,7,-9,8,3,0,0,4,0,0,69,4.3
Vladislav Gavrikov,CBJ,33,-3,68,5,0,0,27,0,1,108,4.6
Glenn Gawdin,CGY,0,0,2,0,0,0,0,0,0,3,0
Morgan Geekie,SEA,22,-16,18,7,0,0,11,4,0,97,7.2
Mason Geertsen,NJD,0,-6,77,0,0,0,0,0,0,12,0
Timothy Gettinger,NYR,0,0,0,0,0,0,0,0,0,3,0
Ryan Getzlaf,ANA,37,-14,29,1,2,0,25,9,0,104,2.9
Mark Giordano,TOT,35,-9,57,6,0,2,15,12,0,151,5.3
Mark Giordano,SEA,23,-21,47,4,0,2,9,8,0,123,4.9
Mark Giordano,TOR,12,12,10,2,0,0,6,4,0,28,7.1
Samuel Girard,COL,28,-4,20,5,0,0,16,7,0,79,6.3
Zemgus Girgensons,BUF,18,-7,27,7,3,0,7,1,0,92,10.9
Claude Giroux,TOT,65,-5,26,16,5,0,26,18,0,205,10.2
Claude Giroux,PHI,42,-12,20,15,3,0,15,9,0,154,11.7
Claude Giroux,FLA,23,7,6,1,2,0,11,9,0,51,5.9
Cody Glass,NSH,1,0,0,0,0,0,1,0,0,9,0
Luke Glendening,DAL,16,-17,15,9,0,0,5,0,2,116,7.8
Alex Goligoski,MIN,30,41,34,2,0,0,24,4,0,80,2.5
Barclay Goodrow,NYR,33,13,69,12,0,1,17,0,3,116,11.2
Shayne Gostisbehere,ARI,51,-23,26,12,2,0,20,17,0,151,9.3
Yanni Gourde,SEA,48,-13,45,17,3,1,20,4,3,127,16.5
Mikael Granlund,NSH,64,-9,33,8,3,0,28,25,0,117,9.4
Derek Grant,ANA,29,-16,27,12,2,1,13,0,1,117,12.8
Ryan Graves,NJD,28,-9,24,6,0,0,22,0,0,111,5.4
Anthony Greco,NYR,0,0,0,0,0,0,0,0,0,5,0
Andy Greene,NYI,10,-13,10,2,0,0,8,0,0,52,3.8
Jordan Greenway,MIN,27,26,69,9,1,0,16,1,0,110,9.1
A.J. Greer,NJD,2,0,2,1,0,0,1,0,0,14,7.1
Noah Gregor,SJS,23,-21,25,8,0,0,12,3,0,156,5.1
Seth Griffith,EDM,0,1,0,0,0,0,0,0,0,0,
Rocco Grimaldi,NSH,0,0,2,0,0,0,0,0,0,8,0
Jordan Gross,COL,0,0,4,0,0,0,0,0,0,0,
Benoit-Olivier Groulx,ANA,3,0,2,1,0,0,2,0,0,17,5.9
Carl Grundstrom,LAK,15,4,26,9,0,0,6,0,0,83,10.8
Matt Grzelcyk,BOS,24,22,24,4,0,0,15,5,0,118,3.4
Radko Gudas,FLA,16,27,105,2,0,1,13,0,0,100,3
Erik Gudbranson,CGY,17,15,68,6,0,0,11,0,0,129,4.7
Jake Guentzel,PIT,84,13,44,33,7,0,29,15,0,264,15.2
Brendan Guhle,ANA,0,0,0,0,0,0,0,0,0,6,0
Denis Gurianov,DAL,31,2,16,7,4,0,17,3,0,144,7.6
David Gustafsson,WPG,0,0,0,0,0,0,0,0,0,0,
Erik Gustafsson,CHI,18,-4,14,3,0,0,11,4,0,79,3.8
Brandon Hagel,TOT,44,-18,31,20,4,1,15,2,2,125,20
Brandon Hagel,CHI,37,-14,23,17,4,0,13,2,1,94,22.3
Brandon Hagel,TBL,7,-4,8,3,0,1,2,0,1,31,12.9
Carl Hagelin,WSH,14,10,20,3,0,0,10,0,1,71,4.2
Robert Hagg,TOT,9,-9,35,1,0,0,8,0,0,59,1.7
Robert Hagg,BUF,8,-9,25,1,0,0,7,0,0,45,2.2
Robert Hagg,FLA,1,0,10,0,0,0,1,0,0,14,0
Nicolas Hague,VEG,14,6,38,4,0,0,10,0,0,116,3.4
Libor Hajek,NYR,1,-10,8,0,0,0,1,0,0,12,0
Jani Hakanpaa,DAL,12,1,43,4,0,0,7,0,1,68,5.9
Jayden Halbgewachs,SJS,1,1,4,0,0,0,1,0,0,7,0
Taylor Hall,BOS,61,11,42,13,7,0,33,8,0,217,9.2
Filip Hallander,PIT,0,0,0,0,0,0,0,0,0,0,
Dougie Hamilton,NJD,30,-19,34,7,2,0,15,6,0,197,4.6
Travis Hamonic,TOT,10,6,14,4,0,0,6,0,0,82,4.9
Travis Hamonic,VAN,7,1,6,3,0,0,4,0,0,51,5.9
Travis Hamonic,OTT,3,5,8,1,0,0,2,0,0,31,3.2
Noah Hanifin,CGY,48,27,19,9,1,0,25,12,1,189,5.3
Joel Hanley,DAL,6,-13,4,2,0,0,4,0,0,18,11.1
Mike Hardman,CHI,2,-6,11,0,0,0,2,0,0,12,0
Jansen Harkins,WPG,13,-8,15,7,0,0,6,0,0,67,10.4
Thomas Harley,DAL,4,-4,6,1,0,0,3,0,0,36,2.8
Ben Harpur,NSH,1,-10,27,0,0,0,1,0,0,13,0
Scott Harrington,CBJ,1,-4,6,0,0,0,1,0,0,5,0
Jordan Harris,MTL,1,3,8,1,0,0,0,0,0,9,11.1
Ryan Hartman,MIN,65,31,95,33,1,0,24,7,0,239,14.2
Rafa\'ebl Harvey-Pinard,MTL,1,-2,0,1,0,0,0,0,0,6,16.7
Santeri Hatakka,SJS,2,-5,2,0,0,0,2,0,0,3,0
Garnet Hathaway,WSH,26,19,57,14,0,0,11,0,1,124,11.3
Erik Haula,BOS,44,19,47,16,2,0,24,2,0,141,12.8
John Hayden,BUF,4,-12,84,2,0,0,2,0,0,65,3.1
Kevin Hayes,PHI,31,-20,26,8,2,0,18,2,1,126,7.9
Zack Hayes,VEG,0,-2,0,0,0,0,0,0,0,1,0
Barrett Hayton,ARI,24,-8,20,8,2,0,11,3,0,82,12.2
Dillon Heatherington,OTT,0,-1,7,0,0,0,0,0,0,4,0
Victor Hedman,TBL,85,26,36,14,6,0,33,32,0,219,9.1
Danton Heinen,PIT,33,6,16,15,3,0,14,1,0,138,13
Ville Heinola,WPG,5,-2,10,0,0,0,5,0,0,25,0
Miro Heiskanen,DAL,36,3,24,2,3,0,23,8,0,156,3.2
Darren Helm,COL,15,-5,14,6,0,1,7,0,1,93,7.5
Adam Henrique,ANA,42,-2,14,13,6,0,18,5,0,141,13.5
Aleksi Heponiemi,FLA,1,-6,2,0,0,0,0,1,0,7,0
Tomas Hertl,SJS,64,-9,30,24,6,0,23,10,1,205,14.6
Thomas Hickey,NYI,0,-3,0,0,0,0,0,0,0,0,
Matthew Highmore,VAN,12,1,14,4,1,0,7,0,0,61,8.2
Cameron Hillis,MTL,0,0,0,0,0,0,0,0,0,2,0
Vinnie Hinostroza,BUF,25,-11,24,12,1,0,12,0,0,92,14.1
Roope Hintz,DAL,72,15,28,25,9,3,19,15,1,213,17.4
Taro Hirose,DET,4,-5,4,0,1,0,2,1,0,10,10
Nico Hischier,NJD,60,-1,17,17,4,0,29,8,2,153,13.7
Hayden Hodgson,PHI,3,-1,11,1,0,0,2,0,0,10,10
Mike Hoffman,MTL,35,-24,32,11,4,0,11,9,0,154,9.7
Gregory Hofmann,CBJ,7,6,8,2,0,0,5,0,0,33,6.1
Linus Hogberg,PHI,2,0,2,0,0,0,2,0,0,3,0
Nils Hoglander,VAN,18,-6,24,9,1,0,6,2,0,132,7.6
Nick Holden,OTT,19,0,12,5,0,0,14,0,0,75,6.7
Justin Holl,TOR,23,14,41,2,0,1,18,0,2,64,4.7
Alexander Holtz,NJD,2,-5,2,0,0,0,1,1,0,12,0
Patric Hornqvist,FLA,28,-5,19,8,3,0,13,4,0,165,6.7
Bo Horvat,VAN,52,3,40,17,13,1,15,6,0,194,16
Brett Howden,VEG,20,9,12,9,0,0,9,0,2,39,23.1
Filip Hronek,DET,38,-29,36,3,2,0,28,5,0,133,3.8
Jonathan Huberdeau,FLA,115,35,54,22,5,3,50,33,2,222,13.5
Jack Hughes,NJD,56,-16,0,20,6,0,22,8,0,165,15.8
Quinn Hughes,VAN,68,10,28,8,0,0,27,31,2,150,5.3
Brad Hunt,VAN,17,-3,12,3,0,0,12,2,0,67,4.5
Dryden Hunt,NYR,17,-10,52,6,0,0,11,0,0,94,6.4
Ben Hutton,VEG,13,7,32,3,0,0,10,0,0,78,3.8
Grant Hutton,NYI,1,-1,4,1,0,0,0,0,0,22,4.5
Zach Hyman,EDM,54,-9,36,21,5,1,19,5,3,213,12.7
Alex Iafallo,LAK,37,4,8,13,3,1,16,3,1,215,7.9
Bokondji Imama,ARI,1,-2,5,1,0,0,0,0,0,3,33.3
Matt Irwin,WSH,4,0,6,1,0,0,3,0,0,29,3.4
Mark Jankowski,BUF,5,2,4,2,0,0,3,0,0,14,14.3
Mattias Janmark,VEG,25,3,21,7,0,2,15,0,1,89,10.1
Calle Jarnkrok,TOT,30,-14,6,10,2,0,14,4,0,101,11.9
Calle Jarnkrok,SEA,26,-15,2,10,2,0,11,3,0,82,14.6
Calle Jarnkrok,CGY,4,1,4,0,0,0,3,1,0,19,0
Christian Jaros,NJD,0,-4,2,0,0,0,0,0,0,9,0
Seth Jarvis,CAR,40,11,18,15,2,0,19,4,0,110,15.5
Dmitrij Jaskin,ARI,1,-6,4,0,0,0,1,0,0,23,0
Tanner Jeannot,NSH,41,2,130,21,2,1,16,1,0,124,19.4
Jan Jenik,ARI,3,-6,11,2,0,0,1,0,0,22,9.1
Boone Jenner,CBJ,44,-11,22,15,8,0,19,2,0,160,14.4
Nick Jensen,WSH,21,32,21,5,0,0,16,0,0,88,5.7
Lucas Johansen,WSH,1,1,0,0,0,0,1,0,0,0,
Ryan Johansen,NSH,63,-2,53,15,11,0,24,13,0,118,22
Marcus Johansson,TOT,29,-26,4,6,3,0,13,7,0,111,8.1
Marcus Johansson,SEA,23,-22,4,3,3,0,11,6,0,81,7.4
Marcus Johansson,WSH,6,-4,0,3,0,0,2,1,0,30,10
Erik Johnson,COL,25,22,24,7,0,1,15,1,1,139,5.8
Jack Johnson,COL,9,5,42,1,0,0,7,0,1,57,1.8
Kent Johnson,CBJ,3,2,2,0,0,0,1,2,0,5,0
Reese Johnson,CHI,6,-13,16,1,0,0,5,0,0,24,4.2
Tyler Johnson,CHI,7,-8,12,3,0,0,2,2,0,30,10
Andreas Johnsson,NJD,35,4,30,12,1,0,22,0,0,114,11.4
Ross Johnston,NYI,7,-3,44,2,0,0,5,0,0,9,22.2
Henri Jokiharju,BUF,19,-8,20,3,0,0,12,4,0,83,3.6
Ben Jones,VEG,0,0,2,0,0,0,0,0,0,1,0
Caleb Jones,CHI,15,-3,18,5,0,0,9,1,0,57,8.8
Max Jones,ANA,0,-1,15,0,0,0,0,0,0,2,0
Seth Jones,CHI,51,-37,28,5,0,0,26,19,1,194,2.6
Zachary Jones,NYR,2,-7,0,0,0,0,2,0,0,8,0
Axel Jonsson Fj\'e4llby,WSH,4,0,4,2,0,0,2,0,0,29,6.9
Mathieu Joseph,TOT,30,12,29,10,0,2,16,0,2,86,14
Mathieu Joseph,TBL,18,4,23,6,0,2,9,0,1,67,11.9
Mathieu Joseph,OTT,12,8,6,4,0,0,7,0,1,19,21.1
Pierre-Olivier Joseph,PIT,0,-2,2,0,0,0,0,0,0,7,0
Dakota Joshua,STL,8,6,16,3,0,0,5,0,0,31,9.7
Roman Josi,NSH,96,13,46,12,11,0,47,26,0,281,8.2
Tyson Jost,TOT,20,2,34,8,0,0,11,0,1,97,8.2
Tyson Jost,COL,14,2,30,6,0,0,7,0,1,76,7.9
Tyson Jost,MIN,6,0,4,2,0,0,4,0,0,21,9.5
Olli Juolevi,TOT,0,-1,6,0,0,0,0,0,0,18,0
Olli Juolevi,FLA,0,0,2,0,0,0,0,0,0,9,0
Olli Juolevi,DET,0,-1,4,0,0,0,0,0,0,9,0
Noah Juulsen,VAN,2,-4,0,0,0,0,2,0,0,6,0
Nazem Kadri,COL,87,13,71,20,8,0,38,21,0,247,11.3
Kaapo Kakko,NYR,18,9,10,6,1,0,10,1,0,62,11.3
Arthur Kaliyev,LAK,27,-3,37,8,6,0,10,3,0,194,7.2
Wyatt Kalynuk,CHI,0,-3,2,0,0,0,0,0,0,1,0
David Kampf,TOR,26,12,20,9,0,2,13,0,2,102,10.8
Evander Kane,EDM,39,25,60,17,3,2,15,1,1,152,14.5
Patrick Kane,CHI,92,-19,18,17,9,0,44,22,0,287,9.1
Kasperi Kapanen,PIT,32,2,16,11,0,0,16,5,0,129,8.5
Kirill Kaprizov,MIN,108,27,34,33,14,0,44,17,0,289,16.3
Erik Karlsson,SJS,35,-14,14,10,0,0,15,10,0,117,8.5
William Karlsson,VEG,35,3,10,9,1,2,21,2,0,135,8.9
Fredrik Karlstrom,DAL,1,2,0,0,0,0,1,0,0,1,0
Ondrej Kase,TOR,27,4,14,9,4,1,9,4,0,119,11.8
Zack Kassian,EDM,19,2,63,4,2,0,13,0,0,58,10.3
Mark Kastelic,OTT,4,-1,14,2,0,0,2,0,0,11,18.2
Boris Katchouk,TOT,7,-7,39,3,0,0,4,0,0,58,5.2
Boris Katchouk,TBL,6,3,25,2,0,0,4,0,0,36,5.6
Boris Katchouk,CHI,1,-10,14,1,0,0,0,0,0,22,4.5
Martin Kaut,COL,0,2,0,0,0,0,0,0,0,1,0
Joey Keane,CAR,0,0,2,0,0,0,0,0,0,1,0
Duncan Keith,EDM,21,15,22,1,0,0,18,2,0,79,1.3
Clayton Keller,ARI,63,3,28,22,5,1,28,6,1,177,15.8
Parker Kelly,OTT,12,-4,60,7,0,0,5,0,0,48,14.6
Adrian Kempe,LAK,54,-2,46,26,6,3,9,10,0,247,14.2
Michal Kempny,WSH,2,-3,16,1,0,0,1,0,0,10,10
Alexander Kerfoot,TOR,51,19,20,13,0,0,34,1,3,117,11.1
Tanner Kero,DAL,3,-5,0,0,0,0,3,0,0,14,0
Phil Kessel,ARI,52,-24,40,6,2,0,32,12,0,175,4.6
Jujhar Khaira,CHI,3,-4,13,3,0,0,0,0,0,32,9.4
Matt Kiersted,FLA,2,-8,2,1,0,0,1,0,0,11,9.1
Alex Killorn,TBL,59,1,66,19,6,0,26,8,0,164,15.2
Bryce Kindopp,ANA,0,0,0,0,0,0,0,0,0,2,0
Joel Kiviranta,DAL,7,-6,10,1,0,0,6,0,0,59,1.7
John Klingberg,DAL,47,-28,34,5,1,0,22,19,0,139,4.3
Artemi Kniazev,SJS,0,-2,0,0,0,0,0,0,0,2,0
Slater Koekkoek,EDM,4,2,16,0,0,0,4,0,0,11,0
Otto Koivula,NYI,2,-2,0,0,0,0,2,0,0,8,0
Keegan Kolesar,VEG,24,-6,68,5,1,1,17,0,0,94,7.4
Vladislav Kolyachonok,ARI,3,0,6,1,0,0,2,0,0,24,4.2
Leo Komarov,NYI,0,0,2,0,0,0,0,0,0,0,
Travis Konecny,PHI,52,-23,77,13,3,0,29,7,0,220,7.3
Anze Kopitar,LAK,67,-6,14,13,6,0,31,16,1,210,9
Kaedan Korczak,VEG,0,1,0,0,0,0,0,0,0,0,
Klim Kostin,STL,9,-3,23,4,0,0,5,0,0,31,12.9
Jesperi Kotkaniemi,CAR,29,3,37,12,0,0,13,4,0,81,14.8
Johnathan Kovacevic,WPG,0,1,2,0,0,0,0,0,0,7,0
Peyton Krebs,TOT,22,-26,22,7,0,0,5,10,0,56,12.5
Peyton Krebs,BUF,22,-20,20,7,0,0,5,10,0,46,15.2
Peyton Krebs,VEG,0,-6,2,0,0,0,0,0,0,10,0
Chris Kreider,NYR,77,19,24,23,26,3,16,9,0,258,20.2
Torey Krug,STL,43,23,48,5,3,1,18,16,0,119,7.6
Dominik Kubal\'edk,CHI,32,-16,16,12,3,0,11,6,0,161,9.3
Nikita Kucherov,TBL,69,1,22,16,9,0,23,21,0,156,16
Karson Kuhlman,TOT,10,-2,6,3,0,0,7,0,0,68,4.4
Karson Kuhlman,SEA,8,-2,6,2,0,0,6,0,0,46,4.3
Karson Kuhlman,BOS,2,0,0,1,0,0,1,0,0,22,4.5
Dean Kukan,CBJ,11,-2,16,3,0,0,8,0,0,41,7.3
Brett Kulak,TOT,21,-4,45,5,0,0,15,0,1,92,5.4
Brett Kulak,MTL,13,-10,33,3,0,0,9,0,1,63,4.8
Brett Kulak,EDM,8,6,12,2,0,0,6,0,0,29,6.9
Dmitry Kulikov,MIN,24,23,39,7,0,0,17,0,0,74,9.5
Luke Kunin,NSH,22,-11,99,13,0,0,7,2,0,125,10.4
Janne Kuokkanen,NJD,17,-10,10,4,1,1,11,0,0,64,9.4
Rasmus Kupari,LAK,13,-5,18,3,1,1,6,2,0,51,9.8
Sean Kuraly,CBJ,30,2,61,14,0,0,14,1,1,121,11.6
Philipp Kurashev,CHI,21,-16,12,4,2,0,12,3,0,86,7
Evgeny Kuznetsov,WSH,78,7,44,13,8,3,33,19,2,208,11.5
Oliver Kylington,CGY,31,34,14,8,1,0,20,2,0,138,6.5
Jordan Kyrou,STL,75,10,20,22,5,0,33,14,1,188,14.4
Kevin Labanc,SJS,6,-4,6,1,2,0,1,2,0,36,8.3
Tanner Laczynski,PHI,0,-1,0,0,0,0,0,0,0,0,
Andrew Ladd,ARI,12,-20,47,4,3,0,4,1,0,57,12.3
Paul Ladue,NYI,0,-2,0,0,0,0,0,0,0,1,0
Sam Lafferty,TOT,13,-16,37,5,0,0,8,0,0,80,6.3
Sam Lafferty,CHI,11,-16,21,5,0,0,6,0,0,71,7
Sam Lafferty,PIT,2,0,16,0,0,0,2,0,0,9,0
Alexis Lafreniere,NYR,31,2,37,19,0,0,10,2,0,110,17.3
William Lagesson,TOT,5,3,13,0,0,0,5,0,0,33,0
William Lagesson,EDM,4,1,13,0,0,0,4,0,0,32,0
William Lagesson,MTL,1,2,0,0,0,0,1,0,0,1,0
Patrik Laine,CBJ,56,-7,24,21,5,0,21,9,0,167,15.6
Maxime Lajoie,CAR,0,2,0,0,0,0,0,0,0,6,0
Juho Lammikko,VAN,15,-6,14,7,0,0,8,0,0,67,10.4
Gabriel Landeskog,COL,59,27,78,23,7,0,21,8,0,150,20
Hendrix Lapierre,WSH,1,2,2,1,0,0,0,0,0,7,14.3
Dylan Larkin,DET,69,-18,47,25,6,0,30,7,1,212,14.6
Adam Larsson,SEA,25,-23,55,8,0,0,16,1,0,119,6.7
Jacob Larsson,ANA,1,-3,2,0,0,0,1,0,0,5,0
Johan Larsson,TOT,21,-4,32,5,2,0,13,1,0,44,15.9
Johan Larsson,ARI,15,-3,30,5,1,0,8,1,0,30,20
Johan Larsson,WSH,6,-1,2,0,1,0,5,0,0,14,7.1
Scott Laughton,PHI,30,-9,35,9,0,2,18,1,0,110,10
Jeremy Lauzon,TOT,7,-6,81,2,0,0,5,0,0,75,2.7
Jeremy Lauzon,SEA,6,-9,67,1,0,0,5,0,0,58,1.7
Jeremy Lauzon,NSH,1,3,14,1,0,0,0,0,0,17,5.9
Curtis Lazar,BOS,16,-2,16,8,0,0,7,0,1,95,8.4
Brett Leason,WSH,6,1,4,3,0,0,3,0,0,45,6.7
Nick Leddy,TOT,24,-30,22,3,0,0,15,6,0,71,4.2
Nick Leddy,DET,16,-33,16,1,0,0,10,5,0,52,1.9
Nick Leddy,STL,8,3,6,2,0,0,5,1,0,19,10.5
Anders Lee,NYI,46,-11,34,19,9,0,14,4,0,159,17.6
Artturi Lehkonen,TOT,38,1,22,15,2,2,18,1,0,155,12.3
Artturi Lehkonen,MTL,29,0,14,10,1,2,16,0,0,110,11.8
Artturi Lehkonen,COL,9,1,8,5,1,0,2,1,0,45,13.3
Josh Leivo,CAR,3,1,2,1,0,0,2,0,0,10,10
Brendan Lemieux,LAK,13,1,97,8,0,0,5,0,0,65,12.3
John Leonard,SJS,2,-5,0,1,0,0,0,1,0,25,4
Jake Leschyshyn,VEG,6,-2,8,2,0,0,4,0,0,35,5.7
Kris Letang,PIT,68,20,49,8,2,0,38,20,0,214,4.7
Vinni Lettieri,ANA,10,-8,6,3,2,0,2,3,0,50,10
Tyler Lewington,BOS,0,-1,7,0,0,0,0,0,0,2,0
Trevor Lewis,CGY,16,-1,12,5,0,1,9,1,0,108,5.6
Timothy Liljegren,TOR,23,15,14,4,1,0,17,1,0,79,6.3
Kole Lind,SEA,8,-1,12,2,0,0,6,0,0,31,6.5
Oskar Lindblom,PHI,26,-11,22,12,0,0,13,1,0,127,9.4
Petteri Lindbohm,FLA,1,0,5,0,0,0,1,0,0,9,0
Esa Lindell,DAL,25,4,12,3,0,1,16,3,2,136,2.9
Ryan Lindgren,NYR,15,18,48,4,0,0,11,0,0,73,5.5
Elias Lindholm,CGY,82,61,22,31,10,1,30,9,1,235,17.9
Hampus Lindholm,TOT,27,10,46,4,1,0,17,4,1,142,3.5
Hampus Lindholm,ANA,22,0,42,4,1,0,13,3,1,119,4.2
Hampus Lindholm,BOS,5,10,4,0,0,0,4,1,0,23,0
Gustav Lindstrom,DET,13,-12,22,1,0,0,12,0,0,41,2.4
Blake Lizotte,LAK,24,15,28,9,0,1,12,0,2,91,11
Jon Lizotte,MIN,0,0,2,0,0,0,0,0,0,1,0
William Lockwood,VAN,0,-3,9,0,0,0,0,0,0,13,0
Viktor Lodin,OTT,0,0,0,0,0,0,0,0,0,3,0
Ryan Lomberg,FLA,18,4,92,9,0,0,8,0,1,91,9.9
Steven Lorentz,CAR,13,0,8,8,0,0,5,0,0,80,10
Adam Lowry,WPG,21,1,59,10,0,3,4,2,2,115,11.3
Milan Lucic,CGY,21,-9,84,8,2,0,10,1,0,95,10.5
Matt Luff,NSH,6,3,4,3,0,0,3,0,0,26,11.5
Anton Lundell,FLA,44,33,18,16,1,1,20,3,3,125,14.4
Isac Lundestrom,ANA,29,-3,8,12,0,4,13,0,0,83,19.3
Nils Lundkvist,NYR,4,4,0,0,1,0,2,1,0,32,3.1
Eetu Luostarinen,FLA,26,1,12,7,0,2,15,1,1,84,10.7
Ilya Lyubushkin,TOT,15,-2,51,2,0,0,12,0,1,54,3.7
Ilya Lyubushkin,ARI,9,-6,26,0,0,0,8,0,1,33,0
Ilya Lyubushkin,TOR,6,4,25,2,0,0,4,0,0,21,9.5
Olli Maatta,LAK,8,17,10,1,0,0,7,0,0,61,1.6
Matias Maccelli,ARI,6,-10,4,1,0,0,4,1,0,21,4.8
Kurtis MacDermid,COL,5,1,89,2,0,0,3,0,0,46,4.3
Jacob MacDonald,COL,0,-1,2,0,0,0,0,0,0,17,0
Mackenzie MacEachern,STL,2,-1,4,0,0,0,2,0,0,14,0
Zack MacEwen,PHI,9,-15,110,3,0,0,6,0,0,82,3.7
Ryan MacInnis,BUF,0,0,0,0,0,0,0,0,0,2,0
Connor Mackey,CGY,1,-1,2,0,0,0,1,0,0,4,0
Nathan MacKinnon,COL,88,22,42,25,7,0,36,20,0,299,10.7
Josh Mahura,ANA,7,-14,12,3,0,0,4,0,0,36,8.3
Cale Makar,COL,86,48,26,19,9,0,33,25,0,240,11.7
Beck Malenstyn,WSH,1,2,9,1,0,0,0,0,0,10,10
Evgeni Malkin,PIT,42,-10,24,11,9,0,11,11,0,129,15.5
Brad Malone,EDM,2,-2,2,1,0,0,1,0,0,7,14.3
Jeff Malott,WPG,0,0,2,0,0,0,0,0,0,0,
Mikhail Maltsev,COL,0,-5,2,0,0,0,0,0,0,23,0
Maxim Mamin,FLA,14,8,13,7,0,0,7,0,0,49,14.3
Andrew Mangiapane,CGY,55,20,38,25,8,2,16,3,1,185,18.9
Josh Manson,TOT,16,-11,65,6,0,0,10,0,0,92,6.5
Josh Manson,ANA,9,0,53,4,0,0,5,0,0,61,6.6
Josh Manson,COL,7,-11,12,2,0,0,5,0,0,31,6.5
Anthony Mantha,WSH,23,4,14,9,0,0,12,2,0,82,11
Brad Marchand,BOS,80,16,97,23,7,2,28,20,0,242,13.2
Jonathan Marchessault,VEG,66,3,36,25,5,0,21,15,0,251,12
Mason Marchment,FLA,47,29,53,17,1,0,28,1,0,121,14.9
John Marino,PIT,25,1,23,1,0,0,20,2,2,90,1.1
Mitch Marner,TOR,97,23,16,26,6,3,42,19,1,224,15.6
Cooper Marody,EDM,1,0,0,0,0,0,1,0,0,1,0
Pat Maroon,TBL,27,20,134,8,3,0,13,3,0,102,10.8
Matt Martin,NYI,7,-2,70,3,0,0,4,0,0,66,4.5
Alec Martinez,VEG,8,6,4,3,0,0,5,0,0,32,9.4
Jordan Martinook,CAR,15,1,22,6,0,0,9,0,0,77,7.8
Mike Matheson,PIT,31,12,33,11,0,0,18,2,0,140,7.9
Stefan Matteau,COL,0,0,0,0,0,0,0,0,0,0,
Auston Matthews,TOR,106,20,18,44,16,0,33,13,0,348,17.2
Scott Mayfield,NYI,18,-5,55,3,0,0,14,0,1,80,3.8
Gerald Mayhew,TOT,12,-6,18,10,1,0,1,0,0,53,20.8
Gerald Mayhew,PHI,6,-5,10,5,1,0,0,0,0,31,19.4
Gerald Mayhew,ANA,6,-1,8,5,0,0,1,0,0,22,22.7
Dysin Mayo,ARI,12,-22,27,4,0,0,8,0,0,76,5.3
Charlie McAvoy,BOS,56,31,66,5,4,1,29,17,0,166,6
Jack McBain,ARI,3,-6,6,2,0,0,1,0,0,13,15.4
Jake McCabe,CHI,22,-27,33,4,0,0,18,0,0,80,5
Jared McCann,SEA,50,-26,33,18,8,1,14,9,0,199,13.6
Michael McCarron,NSH,14,10,70,6,0,1,6,1,0,51,13.7
Ben McCartney,ARI,0,0,4,0,0,0,0,0,0,2,0
Max McCormick,SEA,0,1,10,0,0,0,0,0,0,8,0
Connor McDavid,EDM,123,28,45,34,10,0,44,34,1,314,14
Ryan McDonagh,TBL,26,15,16,4,0,0,21,1,0,85,4.7
Brock McGinn,PIT,22,0,14,12,0,0,10,0,0,99,12.1
Greg McKegg,NYR,5,-11,6,2,0,0,2,0,1,25,8
Marc McLaughlin,BOS,3,-1,8,3,0,0,0,0,0,12,25
Michael McLeod,NJD,20,-13,52,6,0,0,13,0,1,78,7.7
Ryan McLeod,EDM,21,-2,12,7,2,0,9,3,0,82,11
Connor McMichael,WSH,18,-3,10,9,0,0,9,0,0,105,8.6
Brayden McNabb,VEG,18,10,42,3,0,0,14,0,1,85,3.5
Mason Mctavish,ANA,3,3,2,2,0,0,0,1,0,12,16.7
Jaycob Megna,SJS,8,-1,16,2,0,0,6,0,0,40,5
Jayson Megna,COL,3,-2,4,0,0,0,3,0,0,19,0
Timo Meier,SJS,76,-3,54,23,12,0,35,6,0,326,10.7
Nicolas Meloche,SJS,7,-17,39,2,0,0,4,0,1,36,5.6
Dawson Mercer,NJD,42,-25,28,14,2,1,21,3,1,154,11
Nicholas Merkley,SJS,3,-2,0,1,0,0,1,1,0,7,14.3
Ryan Merkley,SJS,6,-10,8,1,0,0,3,2,0,36,2.8
Dakota Mermis,MIN,0,2,0,0,0,0,0,0,0,1,0
Jonathon Merrill,MIN,20,15,22,4,0,0,16,0,0,59,6.8
Victor Mete,OTT,7,-19,4,0,0,0,6,1,0,27,0
Carson Meyer,CBJ,3,0,6,1,0,0,2,0,0,13,7.7
Ben Meyers,COL,1,-2,0,1,0,0,0,0,0,8,12.5
Jacob Middleton,TOT,14,10,82,4,0,0,8,1,1,73,5.5
Jacob Middleton,SJS,9,3,69,3,0,0,4,1,1,51,5.9
Jacob Middleton,MIN,5,7,13,1,0,0,4,0,0,22,4.5
Ilya Mikheyev,TOR,32,16,26,13,4,4,10,1,0,147,14.3
Niko Mikkola,STL,13,-6,55,2,0,1,10,0,0,58,5.2
Sonny Milano,ANA,34,-9,10,9,5,0,15,5,0,94,14.9
Colin Miller,BUF,14,-2,21,2,0,0,9,3,0,48,4.2
J.T. Miller,VAN,99,15,47,24,8,0,35,30,2,206,15.5
K'Andre Miller,NYR,20,23,24,6,1,0,13,0,0,102,6.9
Daniil Miromanov,VEG,1,0,2,0,0,0,1,0,0,15,0
Ian Mitchell,CHI,1,-3,0,0,0,0,0,1,0,2,0
Casey Mittelstadt,BUF,19,-14,4,5,1,0,7,6,0,79,7.6
Sean Monahan,CGY,23,-15,24,3,5,0,7,8,0,111,7.2
Brandon Montour,FLA,37,15,48,10,1,0,19,7,0,153,7.2
John Moore,BOS,1,2,4,0,0,0,0,0,1,7,0
Trevor Moore,LAK,48,20,20,11,1,5,29,1,1,202,8.4
Josh Morrissey,WPG,37,-3,66,6,6,0,16,9,0,173,6.9
J.J. Moser,ARI,15,-10,16,3,1,0,10,1,0,40,10
Tyler Motte,TOT,15,2,22,6,0,1,8,0,0,101,6.9
Tyler Motte,VAN,15,3,22,6,0,1,8,0,0,83,8.4
Tyler Motte,NYR,0,-1,0,0,0,0,0,0,0,18,0
Jacob Moverare,LAK,2,3,2,0,0,0,2,0,0,15,0
Connor Murphy,CHI,10,-14,47,4,0,0,6,0,0,71,5.6
Brett Murray,BUF,6,-3,23,2,0,0,3,1,0,14,14.3
Ryan Murray,COL,4,-3,2,0,0,0,3,0,1,26,0
Jake Muzzin,TOR,14,-6,16,3,0,0,10,0,1,75,4
Philippe Myers,NSH,4,5,12,1,0,0,3,0,0,28,3.6
Tyler Myers,VAN,18,15,66,1,0,0,16,1,0,128,0.8
Vladislav Namestnikov,TOT,30,2,45,15,0,1,13,1,0,91,17.6
Vladislav Namestnikov,DET,25,1,34,12,0,1,12,0,0,81,16
Vladislav Namestnikov,DAL,5,1,11,3,0,0,1,1,0,10,30
Riley Nash,TOT,4,-5,10,0,0,0,4,0,0,36,0
Riley Nash,ARI,4,-3,4,0,0,0,4,0,0,20,0
Riley Nash,WPG,0,-1,4,0,0,0,0,0,0,7,0
Riley Nash,TBL,0,-1,2,0,0,0,0,0,0,9,0
James Neal,STL,4,-1,0,1,1,0,1,1,0,31,6.5
Martin Necas,CAR,40,5,32,11,2,1,24,2,0,159,8.8
Jake Neighbours,STL,2,-2,2,1,0,0,1,0,0,8,12.5
Brock Nelson,NYI,59,-5,33,26,11,0,19,3,0,171,21.6
Patrik Nemeth,NYR,7,-9,28,2,0,0,5,0,0,52,3.8
Alex Newhook,COL,33,11,12,10,3,0,17,3,0,113,11.5
Valeri Nichushkin,COL,52,21,14,18,5,2,23,4,0,180,13.9
Nino Niederreiter,CAR,44,29,34,20,4,0,19,1,0,144,16.7
Markus Niemel\'e4inen,EDM,1,-5,4,0,0,0,1,0,0,12,0
Matthew Nieto,SJS,17,-20,19,6,0,0,11,0,0,82,7.3
Sami Niku,MTL,6,3,2,0,0,0,5,1,0,14,0
Stefan Noesen,CAR,0,1,0,0,0,0,0,0,0,4,0
Mattias Norlinder,MTL,1,2,2,0,0,0,1,0,0,2,0
Joshua Norris,OTT,55,-7,16,19,16,0,13,7,0,172,20.3
Tomas Nosek,BOS,17,-9,32,3,0,0,12,0,2,84,3.6
Thomas Novak,NSH,7,-4,2,0,1,0,3,3,0,25,4
Ryan Nugent-Hopkins,EDM,50,3,16,7,1,3,15,22,2,154,7.1
Darnell Nurse,EDM,35,18,54,7,0,2,19,6,1,203,4.4
Markus Nutivaara,FLA,1,0,0,0,0,0,1,0,0,0,
William Nylander,TOR,80,-9,16,21,13,0,28,18,0,256,13.3
Gustav Nyquist,CBJ,53,-12,26,10,4,4,29,6,0,122,14.8
Liam O'Brien,ARI,3,1,106,2,0,0,1,0,0,36,5.6
Drew O'Connor,PIT,5,-1,4,3,0,0,2,0,0,40,7.5
Logan O'Connor,COL,24,10,38,7,0,1,13,0,3,127,6.3
Danny O'Regan,ANA,1,-1,0,0,0,0,1,0,0,2,0
Ryan O'Reilly,STL,58,11,12,12,9,0,29,7,1,168,12.5
Jordan Oesterle,DET,8,-7,4,2,0,0,6,0,0,63,3.2
Nikita Okhotyuk,NJD,2,-2,2,1,0,0,1,0,0,5,20
Kyle Okposo,BUF,45,-15,43,11,8,2,18,6,0,174,12.1
Jamie Oleksiak,SEA,17,-1,54,1,0,0,15,0,1,95,1.1
Mathieu Olivier,NSH,1,-3,14,0,0,0,1,0,0,5,0
Victor Olofsson,BUF,49,-16,6,13,7,0,23,5,1,164,12.2
Dmitry Orlov,WSH,35,25,44,10,2,0,21,2,0,127,9.4
T.J. Oshie,WSH,25,-12,18,7,4,0,7,6,1,77,14.3
Alex Ovechkin,WSH,90,8,18,33,16,1,27,13,0,334,15
Brayden Pachal,VEG,0,-2,0,0,0,0,0,0,0,1,0
Max Pacioretty,VEG,37,8,33,15,4,0,10,8,0,148,12.8
Jean-Gabriel Pageau,NYI,39,0,30,13,4,1,15,3,3,126,14.3
Ondrej Palat,TBL,49,15,20,17,1,0,25,5,1,143,12.6
Kyle Palmieri,NYI,33,0,57,13,2,0,14,4,0,156,9.6
Artemi Panarin,NYR,96,21,18,17,5,0,42,32,0,177,12.4
Richard Panik,NYI,1,-2,0,0,0,0,0,1,0,4,0
Cedric Paquette,MTL,2,-6,25,0,0,0,2,0,0,16,0
Colton Parayko,STL,35,16,18,6,0,0,28,1,0,135,4.4
Zach Parise,NYI,35,-2,28,11,2,2,15,5,0,138,10.9
David Pastrnak,BOS,77,13,20,25,15,0,26,11,0,312,12.8
Greg Pateryn,ANA,2,0,10,1,0,0,1,0,0,16,6.3
Nolan Patrick,VEG,7,1,6,2,0,0,4,1,0,34,5.9
Nick Paul,TOT,32,-14,39,13,2,1,15,0,1,166,9.6
Nick Paul,OTT,18,-18,22,9,2,0,7,0,0,131,8.4
Nick Paul,TBL,14,4,17,4,0,1,8,0,1,35,14.3
Joe Pavelski,DAL,81,11,14,15,12,0,41,13,0,216,12.5
Chase Pearson,DET,0,0,0,0,0,0,0,0,0,2,0
Tanner Pearson,VAN,34,9,30,13,1,0,18,2,0,159,8.8
Matthew Peca,STL,1,-1,0,0,0,0,1,0,0,3,0
Lane Pederson,SJS,2,-16,10,0,0,0,2,0,0,24,0
Andrew Peeke,CBJ,15,-14,60,2,0,0,13,0,0,72,2.8
Adam Pelech,NYI,28,20,42,3,0,0,23,0,2,104,2.9
Cole Perfetti,WPG,7,1,0,2,0,0,4,1,0,21,9.5
Brendan Perlini,EDM,5,-2,6,4,0,0,1,0,0,24,16.7
Jacob Perreault,ANA,0,-1,0,0,0,0,0,0,0,0,
Mathieu Perreault,MTL,9,2,4,4,0,0,4,1,0,27,14.8
David Perron,STL,57,8,48,16,11,0,15,15,0,177,15.3
Corey Perry,TBL,40,9,66,13,6,0,19,2,0,153,12.4
Scott Perunovich,STL,6,2,8,0,0,0,3,3,0,14,0
Brett Pesce,CAR,28,5,39,6,1,0,19,2,0,148,4.7
Nic Petan,VAN,2,-2,4,0,0,0,1,1,0,21,0
John-Jason Peterka,BUF,0,0,0,0,0,0,0,0,0,3,0
Jacob Peterson,DAL,17,-1,12,12,0,0,4,1,0,85,14.1
Jeff Petry,MTL,27,-11,36,6,0,0,17,3,1,124,4.8
Elias Pettersson,VAN,68,1,12,20,10,2,19,17,0,192,16.7
Marcus Pettersson,PIT,19,8,38,2,0,0,17,0,0,83,2.4
Michael Pezzetta,MTL,11,-7,81,5,0,0,6,0,0,49,10.2
Isaak Phillips,CHI,0,-1,4,0,0,0,0,0,0,4,0
Alex Pietrangelo,VEG,44,7,42,9,3,1,18,10,3,227,5.7
Garrett Pilon,WSH,1,1,0,1,0,0,0,0,0,1,100
Shane Pinto,OTT,1,0,2,0,0,0,0,1,0,5,0
Neal Pionk,WPG,34,5,46,2,1,0,20,11,0,140,2.1
Rem Pitlick,TOT,37,-8,24,14,0,1,21,1,0,65,23.1
Rem Pitlick,MTL,26,-9,12,8,0,1,16,1,0,52,17.3
Rem Pitlick,MIN,11,1,12,6,0,0,5,0,0,13,46.2
Tyler Pitlick,TOT,5,-11,6,1,0,0,4,0,0,36,2.8
Tyler Pitlick,CGY,2,-5,2,0,0,0,2,0,0,19,0
Tyler Pitlick,MTL,3,-6,4,1,0,0,2,0,0,17,5.9
Vasily Podkolzin,VAN,26,7,26,12,2,0,11,1,0,115,12.2
Ryan Poehling,MTL,17,-21,6,7,2,0,8,0,0,91,9.9
Austin Poganski,WPG,0,-3,7,0,0,0,0,0,0,9,0
Brayden Point,TBL,58,-5,33,18,10,0,18,12,0,176,15.9
Tucker Poolman,VAN,3,2,12,1,0,0,2,0,0,47,2.1
Andrew Poturalski,CAR,2,-1,0,0,0,0,0,2,0,4,0
Derrick Pouliot,TOT,4,6,4,0,0,0,4,0,0,8,0
Derrick Pouliot,SEA,3,6,2,0,0,0,3,0,0,8,0
Derrick Pouliot,VEG,1,0,2,0,0,0,1,0,0,0,
Owen Power,BUF,3,3,2,2,0,0,1,0,0,10,20
Chase Priskie,FLA,0,2,2,0,0,0,0,0,0,4,0
Aliaksei Protas,WSH,9,4,0,3,0,0,5,1,0,34,8.8
Ivan Provorov,PHI,31,-20,34,8,1,0,14,6,2,170,5.3
Ethan Prow,BUF,1,-1,0,1,0,0,0,0,0,2,50
Jesse Puljujarvi,EDM,36,22,20,10,4,0,19,3,0,160,8.8
Ryan Pulock,NYI,21,0,2,3,2,0,11,4,1,122,4.1
Valtteri Puustinen,PIT,1,2,0,0,0,0,1,0,0,1,0
Mark Pysyk,BUF,12,-4,16,3,0,0,9,0,0,64,4.7
Jack Quinn,BUF,2,0,0,0,1,0,1,0,0,6,16.7
Darren Raddysh,TBL,0,1,0,0,0,0,0,0,0,2,0
Taylor Raddysh,TOT,22,1,10,7,3,1,10,1,0,104,10.6
Taylor Raddysh,TBL,12,5,8,4,0,1,6,1,0,61,8.2
Taylor Raddysh,CHI,10,-4,2,3,3,0,4,0,0,43,14
Alexander Radulov,DAL,22,-20,30,3,1,0,11,7,0,92,4.3
Michael Raffl,DAL,16,-19,16,6,0,1,7,0,2,94,7.4
Rickard Rakell,TOT,41,0,12,15,5,0,16,5,0,184,10.9
Rickard Rakell,ANA,28,-7,8,11,5,0,8,4,0,136,11.8
Rickard Rakell,PIT,13,7,4,4,0,0,8,1,0,48,8.3
Sampo Ranta,COL,0,-4,2,0,0,0,0,0,0,9,0
Mikko Rantanen,COL,92,35,56,20,16,0,37,19,0,254,14.2
Victor Rask,TOT,21,4,2,9,0,0,11,1,0,58,15.5
Victor Rask,MIN,13,7,2,5,0,0,8,0,0,30,16.7
Victor Rask,SEA,8,-3,0,4,0,0,3,1,0,28,14.3
Adam Raska,SJS,0,1,7,0,0,0,0,0,0,2,0
Michael Rasmussen,DET,27,-25,66,15,0,0,10,2,0,128,11.7
Isaac Ratcliffe,PHI,4,-1,10,1,0,0,1,2,0,14,7.1
Jack Rathbone,VAN,0,-5,2,0,0,0,0,0,0,10,0
Kyle Rau,MIN,0,-3,0,0,0,0,0,0,0,3,0
Lucas Raymond,DET,57,-32,16,18,5,0,21,13,0,184,12.5
Ryan Reaves,NYR,13,-13,43,5,0,0,8,0,0,44,11.4
Scott Reedy,SJS,9,-8,10,4,3,0,2,0,0,33,21.2
Alec Regula,CHI,1,-1,12,1,0,0,0,0,0,18,5.6
Kristian Reichel,WPG,2,-2,7,1,0,0,1,0,0,18,5.6
Lukas Reichel,CHI,1,-8,0,0,0,0,1,0,0,15,0
Mike Reilly,BOS,17,-1,32,3,0,1,10,3,0,135,3
Cole Reinhardt,OTT,0,0,2,0,0,0,0,0,0,1,0
Sam Reinhart,FLA,82,25,13,17,16,0,32,15,2,186,17.7
Sheldon Rempal,VAN,0,-1,0,0,0,0,0,0,0,2,0
Dan Renouf,DET,0,-2,7,0,0,0,0,0,0,3,0
Brad Richardson,TOT,8,-1,35,4,0,0,4,0,0,31,12.9
Brad Richardson,CGY,4,-2,27,2,0,0,2,0,0,19,10.5
Brad Richardson,VAN,4,1,8,2,0,0,2,0,0,12,16.7
Morgan Rielly,TOR,68,16,40,8,2,0,34,21,3,221,4.5
Juuso Riikola,PIT,1,2,2,0,0,0,1,0,0,7,0
Rasmus Ristolainen,PHI,16,-9,38,2,0,0,13,1,0,97,2.1
Brett Ritchie,CGY,4,-6,29,3,0,0,1,0,0,55,5.5
Nick Ritchie,TOT,23,-13,43,11,1,0,8,3,0,93,12.9
Nick Ritchie,TOR,9,-6,23,1,1,0,4,3,0,52,3.8
Nick Ritchie,ARI,14,-7,20,10,0,0,4,0,0,41,24.4
Jason Robertson,DAL,79,16,22,28,13,0,30,8,0,220,18.6
Nicholas Robertson,TOR,1,-4,4,1,0,0,0,0,0,14,7.1
Buddy Robinson,ANA,6,2,19,1,0,0,5,0,0,38,2.6
Eric Robinson,CBJ,27,-1,18,8,0,2,17,0,0,104,9.6
Evan Rodrigues,PIT,43,3,14,12,7,0,23,1,0,243,7.8
Alexander Romanov,MTL,13,-9,53,3,0,0,10,0,0,107,2.8
Kevin Rooney,NYR,12,-1,18,6,0,0,6,0,0,71,8.5
Calle Rosen,STL,7,-2,4,2,0,0,5,0,0,18,11.1
Jack Roslovic,CBJ,45,2,12,18,4,0,20,3,0,131,16.8
Marco Rossi,MIN,0,-1,4,0,0,0,0,0,0,5,0
Antoine Roussel,ARI,8,-16,59,4,0,0,4,0,0,59,6.8
Carter Rowney,DET,6,-4,0,4,0,0,1,0,1,15,26.7
Matt Roy,LAK,21,23,28,2,0,0,15,2,2,153,1.3
Nicolas Roy,VEG,39,12,51,13,2,0,20,3,1,145,10.3
Kristians Rubins,TOR,0,-2,4,0,0,0,0,0,0,5,0
Chad Ruhwedel,PIT,13,2,14,4,0,0,9,0,0,82,4.9
Arttu Ruotsalainen,BUF,4,-1,6,2,0,0,2,0,0,23,8.7
Kris Russell,EDM,9,7,4,2,0,0,7,0,0,34,5.9
Bryan Rust,PIT,58,7,14,15,9,0,22,12,0,180,13.3
Jan Rutta,TBL,18,25,47,3,0,0,15,0,0,86,3.5
Adam Ruzicka,CGY,10,8,8,5,0,0,5,0,0,33,15.2
Derek Ryan,EDM,22,-4,8,10,0,0,11,0,1,72,13.9
Jonas R\'f8ndbjerg,VEG,6,0,4,2,0,0,4,0,0,30,6.7
Brandon Saad,STL,49,11,10,15,8,1,18,5,2,158,15.2
Scott Sabourin,OTT,2,-2,11,0,0,0,2,0,0,4,0
Robin Salo,NYI,5,-6,4,1,0,0,2,2,0,24,4.2
Dylan Samberg,WPG,5,3,4,0,0,0,5,0,0,14,0
Dmitri Samorukov,EDM,0,-2,0,0,0,0,0,0,0,0,
Mattias Samuelsson,BUF,10,-10,16,0,0,0,10,0,0,44,0
Linus Sandin,PHI,0,0,0,0,0,0,0,0,0,1,0
Rasmus Sandin,TOR,16,9,4,5,0,0,8,3,0,46,10.9
Zach Sanford,TOT,21,-15,50,8,1,0,10,2,0,104,8.7
Zach Sanford,OTT,17,-13,37,8,1,0,6,2,0,85,10.6
Zach Sanford,WPG,4,-2,13,0,0,0,4,0,0,19,0
Travis Sanheim,PHI,31,9,34,7,0,0,24,0,0,123,5.7
David Savard,MTL,17,-22,36,3,0,0,13,0,1,66,4.5
Marco Scandella,STL,14,17,18,3,0,0,9,0,2,76,3.9
Colton Sceviour,EDM,5,-6,26,2,0,0,2,0,1,38,5.3
Mark Scheifele,WPG,70,-17,23,22,7,0,29,12,0,159,18.2
Brayden Schenn,STL,58,21,33,17,7,0,24,10,0,111,21.6
Luke Schenn,VAN,17,15,61,4,0,1,12,0,0,78,6.4
Nick Schmaltz,ARI,59,1,14,19,4,0,32,4,0,123,18.7
Nate Schmidt,WPG,32,-4,10,3,1,0,17,10,1,117,3.4
Braden Schneider,NYR,11,5,9,2,0,0,8,1,0,25,8
Corey Schueneman,MTL,6,-5,8,2,0,0,3,1,0,30,6.7
Justin Schultz,WSH,23,-15,16,2,2,0,16,3,0,92,4.3
Jaden Schwartz,SEA,23,-13,14,7,1,0,12,3,0,101,7.9
Cole Schwindt,FLA,0,-4,0,0,0,0,0,0,0,3,0
Nick Seeler,PHI,3,-3,29,1,0,0,2,0,0,32,3.1
Tyler Seguin,DAL,49,-21,30,21,3,0,15,10,0,218,11
Moritz Seider,DET,50,-9,34,5,2,0,22,19,2,187,3.7
Andrej Sekera,DAL,4,-3,16,1,0,0,3,0,0,26,3.8
Kirill Semyonov,TOR,0,-2,0,0,0,0,0,0,0,1,0
Brett Seney,TOR,0,0,0,0,0,0,0,0,0,1,0
Zachary Senyshyn,OTT,0,-1,2,0,0,0,0,0,0,0,
Mikhail Sergachev,TBL,38,6,59,6,1,0,24,6,1,149,4.7
Damon Severson,NJD,46,-14,57,6,5,0,23,11,1,158,7
Michael Sgarbossa,WSH,4,3,0,2,0,0,2,0,0,11,18.2
Yegor Sharangovich,NJD,46,-14,23,20,2,2,21,1,0,168,14.3
Kevin Shattenkirk,ANA,35,-9,36,7,1,0,14,13,0,163,4.9
Logan Shaw,OTT,3,-3,2,1,0,0,2,0,0,17,5.9
Mason Shaw,MIN,0,-2,5,0,0,0,0,0,0,7,0
Riley Sheahan,SEA,17,6,2,4,0,0,11,0,2,69,5.8
Conor Sheary,WSH,43,-2,14,17,2,0,20,4,0,129,14.7
Kiefer Sherwood,COL,2,3,0,1,0,0,1,0,0,9,11.1
Kole Sherwood,NSH,0,0,0,0,0,0,0,0,0,2,0
Devin Shore,EDM,11,-4,10,4,0,1,6,0,0,36,13.9
Jonas Siegenthaler,NJD,14,-5,42,1,0,0,12,0,1,92,1.1
Dylan Sikura,COL,1,0,0,0,0,0,1,0,0,3,0
Jakob Silfverberg,ANA,21,-3,30,4,1,0,12,4,0,120,4.2
Cole Sillinger,CBJ,31,-22,37,16,0,0,13,2,0,148,10.8
Radim Simek,SJS,2,-13,8,1,0,0,1,0,0,25,4
Wayne Simmonds,TOR,16,-7,96,5,0,0,10,1,0,79,6.3
Dominik Simon,TOT,13,0,34,3,0,0,9,1,0,88,3.4
Dominik Simon,PIT,9,0,28,3,0,0,5,1,0,67,4.5
Dominik Simon,ANA,4,0,6,0,0,0,4,0,0,21,0
Colton Sissons,NSH,28,2,30,6,1,0,18,3,0,87,8
Jeff Skinner,BUF,63,-14,42,28,5,0,24,6,0,262,12.6
Brady Skjei,CAR,39,22,48,9,0,0,30,0,0,184,4.9
Jaccob Slavin,CAR,42,35,10,3,1,0,30,6,2,165,2.4
Josiah Slavin,CHI,1,0,4,0,0,0,1,0,0,13,0
Brendan Smith,CAR,8,6,36,4,0,0,4,0,0,63,6.3
C.J. Smith,CAR,0,-1,0,0,0,0,0,0,0,0,
Cole Smith,NSH,0,-3,0,0,0,0,0,0,0,3,0
Craig Smith,BOS,36,2,28,16,0,0,16,4,0,187,8.6
Gemel Smith,DET,1,-2,5,0,0,0,1,0,0,1,0
Givani Smith,DET,7,-6,108,4,0,0,3,0,0,50,8
Nathan Smith,ARI,4,-1,2,2,0,0,2,0,0,14,14.3
Reilly Smith,VEG,38,4,8,11,3,2,16,4,2,150,10.7
Ty Smith,NJD,20,-26,22,5,0,0,11,4,0,77,6.5
Joe Snively,WSH,7,3,2,3,1,0,3,0,0,21,19
Victor Soderstrom,ARI,0,-7,6,0,0,0,0,0,0,14,0
Egor Sokolov,OTT,0,-6,4,0,0,0,0,0,0,8,0
Carson Soucy,SEA,21,7,47,9,0,1,8,2,1,97,10.3
Blake Speers,ARI,0,-3,2,0,0,0,0,0,0,1,0
Jordan Spence,LAK,8,0,2,2,0,0,4,2,0,41,4.9
Jason Spezza,TOR,25,-3,26,9,3,0,6,7,0,97,12.4
Daniel Sprong,TOT,20,0,8,12,2,0,6,0,0,153,9.2
Daniel Sprong,WSH,14,6,8,8,0,0,6,0,0,102,7.8
Daniel Sprong,SEA,6,-6,0,4,2,0,0,0,0,51,11.8
Jared Spurgeon,MIN,40,32,10,10,0,0,16,14,0,116,8.6
Jordan Staal,CAR,36,11,18,16,1,0,18,1,0,146,11.6
Marc Staal,DET,16,-1,28,3,0,0,13,0,0,76,3.9
Steven Stamkos,TBL,106,24,36,26,16,0,44,20,0,241,17.4
Logan Stanley,WPG,13,1,44,1,0,0,11,0,1,80,1.3
Paul Stastny,WPG,45,14,14,17,4,0,20,4,0,141,14.9
Troy Stecher,TOT,3,-7,13,1,0,0,2,0,0,50,2
Troy Stecher,DET,2,-6,9,1,0,0,1,0,0,23,4.3
Troy Stecher,LAK,1,-1,4,0,0,0,1,0,0,27,0
Sam Steel,ANA,20,-17,16,6,0,0,11,3,0,66,9.1
Oskar Steen,BOS,6,-1,6,2,0,0,4,0,0,25,8
Alex Steeves,TOR,1,-1,0,0,0,0,1,0,0,2,0
Kevin Stenlund,CBJ,0,0,2,0,0,0,0,0,0,3,0
Derek Stepan,CAR,19,0,14,9,0,0,10,0,0,96,9.4
Mitchell Stephens,DET,6,-8,8,0,0,0,6,0,0,17,0
Chandler Stephenson,VEG,64,5,26,14,6,1,34,8,1,125,16.8
Riley Stillman,CHI,12,-8,36,2,0,0,10,0,0,49,4.1
Mark Stone,VEG,30,7,8,6,3,0,17,3,1,71,12.7
Michael Stone,CGY,6,3,4,1,1,0,3,1,0,24,8.3
Anton Stralman,ARI,23,-16,12,8,0,0,15,0,0,95,8.4
Austin Strand,LAK,2,-1,0,0,0,0,2,0,0,9,0
Dylan Strome,CHI,48,-6,28,17,5,0,15,11,0,126,17.5
Ryan Strome,NYR,54,15,69,15,5,1,24,9,0,161,13
Marian Studenic,TOT,4,-7,6,2,0,0,2,0,0,42,4.8
Marian Studenic,NJD,1,-6,0,1,0,0,0,0,0,24,4.2
Marian Studenic,DAL,3,-1,6,1,0,0,2,0,0,18,5.6
Jack Studnicka,BOS,3,-5,4,0,0,0,3,0,0,21,0
Nico Sturm,TOT,20,-7,14,7,1,1,11,0,0,101,8.9
Nico Sturm,MIN,17,-5,8,7,1,1,8,0,0,73,12.3
Nico Sturm,COL,3,-2,6,0,0,0,3,0,0,28,0
Tim St\'fctzle,OTT,58,-27,37,14,7,1,17,19,0,176,12.5
P.K. Subban,NJD,22,-8,82,5,0,0,16,0,1,114,4.4
C.J. Suess,WPG,0,0,2,0,0,0,0,0,0,0,
Oskar Sundqvist,TOT,23,5,29,8,0,0,15,0,0,70,11.4
Oskar Sundqvist,STL,15,4,12,4,0,0,11,0,0,50,8
Oskar Sundqvist,DET,8,1,17,4,0,0,4,0,0,20,20
Andrej Sustr,TOT,6,-4,16,1,0,0,5,0,0,28,3.6
Andrej Sustr,ANA,5,-3,10,0,0,0,5,0,0,18,0
Andrej Sustr,TBL,1,-1,6,1,0,0,0,0,0,10,10
Pius Suter,DET,36,-11,22,14,0,1,18,3,0,166,9
Ryan Suter,DAL,32,1,40,3,4,0,16,9,0,118,5.9
Nick Suzuki,MTL,61,-29,30,12,8,1,26,12,2,186,11.3
Andrei Svechnikov,CAR,69,19,79,21,9,0,26,13,0,249,12
Evgeny Svechnikov,WPG,19,-4,38,7,0,0,12,0,0,78,9
Brandon Tanev,SEA,15,4,13,6,2,1,6,0,0,51,17.6
Chris Tanev,CGY,28,35,22,6,0,0,22,0,0,88,6.8
Vladimir Tarasenko,STL,82,7,32,29,5,0,30,17,1,230,14.8
Tomas Tatar,NJD,30,-22,22,13,2,0,12,3,0,132,11.4
John Tavares,TOR,76,-8,32,17,10,0,33,16,0,237,11.4
Matt Tennyson,NSH,3,0,4,0,0,0,3,0,0,5,0
Teuvo Teravainen,CAR,65,22,24,11,9,2,20,22,1,202,10.9
Troy Terry,ANA,67,-11,26,29,8,0,23,7,0,192,19.3
Alexandre Texier,CBJ,20,0,12,10,0,1,8,0,1,59,18.6
Shea Theodore,VEG,52,6,24,13,1,0,27,11,0,205,6.8
Robert Thomas,STL,77,17,16,15,3,2,45,11,1,115,17.4
Nate Thompson,PHI,3,-15,31,1,0,0,2,0,0,23,4.3
Tage Thompson,BUF,68,-17,37,26,10,2,24,6,0,253,15
Tyce Thompson,NJD,0,0,0,0,0,0,0,0,0,3,0
Lassi Thomson,OTT,5,-8,2,0,0,0,4,1,0,18,0
Joe Thornton,FLA,10,-10,10,2,3,0,5,0,0,26,19.2
Chris Tierney,OTT,18,-12,14,3,3,0,10,2,0,72,8.3
Conor Timmins,ARI,0,-6,0,0,0,0,0,0,0,5,0
Jarred Tinordi,NYR,1,-5,7,1,0,0,0,0,0,5,20
Owen Tippett,TOT,21,-2,12,9,1,0,9,2,0,126,7.9
Owen Tippett,FLA,14,2,10,6,0,0,7,1,0,73,8.2
Owen Tippett,PHI,7,-4,2,3,1,0,2,1,0,53,7.5
Vladimir Tkachev,LAK,2,-2,2,0,0,0,0,2,0,1,0
Brady Tkachuk,OTT,67,-7,117,21,9,0,29,8,0,288,10.4
Matthew Tkachuk,CGY,104,57,68,30,12,0,45,17,0,253,16.6
Devon Toews,COL,57,52,20,11,2,0,34,10,0,158,8.2
Jonathan Toews,CHI,37,-14,39,7,4,1,22,3,0,125,9.6
Tyler Toffoli,TOT,49,-5,14,10,8,2,20,8,1,195,10.3
Tyler Toffoli,CGY,23,3,10,6,4,1,7,4,1,95,11.6
Tyler Toffoli,MTL,26,-8,4,4,4,1,13,4,0,100,9
Eeli Tolvanen,NSH,23,-7,16,10,1,0,7,5,0,151,7.3
Philip Tomasino,NSH,32,2,10,8,3,0,15,6,0,111,9.9
Dominic Toninato,WPG,14,1,22,6,0,1,3,1,3,44,15.9
Alexey Toropchenko,STL,2,-9,15,2,0,0,0,0,0,43,4.7
Brayden Tracey,ANA,0,-1,0,0,0,0,0,0,0,1,0
Yakov Trenin,NSH,24,7,46,17,0,0,7,0,0,136,12.5
Vincent Trocheck,CAR,51,21,78,15,6,0,24,6,0,168,12.5
Jacob Trouba,NYR,39,25,88,10,1,0,23,3,2,204,5.4
Alexander True,SEA,0,-2,2,0,0,0,0,0,0,6,0
Alex Tuch,BUF,38,-3,14,9,2,1,20,6,0,139,8.6
Riley Tufte,DAL,1,0,4,1,0,0,0,0,0,5,20
Alex Turcotte,LAK,0,0,2,0,0,0,0,0,0,13,0
Kyle Turris,EDM,4,-5,4,1,0,0,3,0,0,21,4.8
T.J. Tynan,LAK,0,0,0,0,0,0,0,0,0,3,0
Urho Vaakanainen,TOT,6,-5,10,0,0,0,5,1,0,27,0
Urho Vaakanainen,BOS,4,0,4,0,0,0,4,0,0,15,0
Urho Vaakanainen,ANA,2,-5,6,0,0,0,1,1,0,12,0
Juuso Valimaki,CGY,2,0,10,0,0,0,2,0,0,11,0
James van Riemsdyk,PHI,38,-33,25,15,9,0,14,0,0,186,12.9
Trevor van Riemsdyk,WSH,17,-3,40,1,0,0,15,0,1,75,1.3
Frank Vatrano,TOT,32,4,22,17,1,0,13,1,0,161,11.2
Frank Vatrano,FLA,19,-2,16,9,1,0,8,1,0,105,9.5
Frank Vatrano,NYR,13,6,6,8,0,0,5,0,0,56,14.3
Mike Vecchione,WSH,0,-1,0,0,0,0,0,0,0,3,0
Lukas Vejdemo,MTL,1,-3,0,1,0,0,0,0,0,10,10
Joe Veleno,DET,15,-14,22,8,0,0,7,0,0,73,11
Carter Verhaeghe,FLA,55,24,48,24,0,0,28,3,0,167,14.4
Kristian Vesalainen,WPG,3,-8,6,2,0,0,1,0,0,43,4.7
Jimmy Vesey,NJD,15,-24,12,6,0,2,7,0,0,110,7.3
Jeffrey Viel,SJS,5,-2,114,3,0,0,2,0,0,30,10
Gabriel Vilardi,LAK,7,-5,8,3,2,0,2,0,0,41,12.2
Alex Vlasic,CHI,2,-2,2,1,0,0,1,0,0,12,8.3
Marc-Edouard Vlasic,SJS,14,-22,18,3,0,0,11,0,0,63,4.8
Jakub Voracek,CBJ,62,-13,44,4,2,0,33,23,0,147,4.1
Jakub Vrana,DET,19,-8,16,8,5,0,5,1,0,65,20
Chris Wagner,BOS,0,-1,0,0,0,0,0,0,0,2,0
Oliver Wahlstrom,NYI,24,-6,74,8,5,0,8,3,0,157,8.3
Nathan Walker,STL,12,1,2,8,0,0,4,0,0,38,21.1
Sean Walker,LAK,2,-1,4,0,0,0,1,1,0,18,0
Jake Walman,TOT,10,-3,10,3,0,0,6,1,0,87,3.4
Jake Walman,STL,6,3,6,3,0,0,3,0,0,48,6.3
Jake Walman,DET,4,-6,4,0,0,0,3,1,0,39,0
Reilly Walsh,NJD,1,0,0,0,0,0,1,0,0,2,0
Austin Watson,OTT,16,-3,91,9,0,1,6,0,0,88,11.4
Jasper Weatherby,SJS,11,-14,18,4,1,0,5,1,0,45,11.1
MacKenzie Weegar,FLA,44,40,81,6,1,1,33,2,1,203,3.9
Alexander Wennberg,SEA,37,-26,28,9,2,0,21,4,1,95,11.6
Zach Werenski,CBJ,48,-15,22,7,4,0,26,10,1,216,5.1
Blake Wheeler,WPG,60,-15,36,14,3,0,26,17,0,167,10.2
Colin White,OTT,10,-11,4,1,2,0,2,5,0,47,6.4
Colton White,NJD,4,2,8,0,0,0,4,0,0,18,0
Zach Whitecloud,VEG,19,21,20,7,0,1,11,0,0,94,8.5
Chris Wideman,MTL,27,-25,67,4,0,0,11,12,0,76,5.3
Maxwell Willman,PHI,6,-13,16,4,0,0,2,0,0,65,6.2
Tom Wilson,WSH,52,13,98,18,4,2,21,6,1,151,15.9
Luke Witkowski,DET,0,0,0,0,0,0,0,0,0,0,
Christian Wolanin,TOT,2,-1,2,1,0,0,1,0,0,5,20
Christian Wolanin,LAK,2,1,2,1,0,0,1,0,0,5,20
Christian Wolanin,BUF,0,-2,0,0,0,0,0,0,0,0,
Miles Wood,NJD,0,-2,4,0,0,0,0,0,0,2,0
Kailer Yamamoto,EDM,41,-1,40,16,3,1,17,3,1,114,17.5
Keith Yandle,PHI,19,-47,14,0,1,0,8,10,0,105,1
Jesse Yl\'f6nen,MTL,5,2,2,2,0,0,3,0,0,16,12.5
Cameron York,PHI,10,-14,6,2,1,0,4,3,0,33,9.1
Pavel Zacha,NJD,36,-21,22,11,4,0,17,4,0,148,10.1
Filip Zadina,DET,24,-24,10,6,4,0,10,4,0,154,6.5
Nikita Zadorov,CGY,22,11,77,4,0,0,18,0,0,106,3.8
Nikita Zaitsev,OTT,11,-7,28,2,0,0,7,0,2,65,3.1
Yegor Zamula,PHI,0,-6,4,0,0,0,0,0,0,4,0
Jakub Zboril,BOS,3,1,4,0,0,0,3,0,0,13,0
Trevor Zegras,ANA,61,-21,50,14,9,0,30,8,0,181,12.7
Fabian Zetterlund,NJD,8,5,0,3,0,0,5,0,0,36,8.3
Mika Zibanejad,NYR,81,30,12,13,15,1,35,13,4,219,13.2
Radim Zohorna,PIT,6,12,4,2,0,0,4,0,0,9,22.2
Artem Zub,OTT,22,1,60,6,0,0,16,0,0,92,6.5
Mats Zuccarello,MIN,79,21,24,17,7,0,34,21,0,159,15.1
Jason Zucker,PIT,17,-2,15,6,2,0,9,0,0,102,7.8